Date,High,Low,Open,Close,Volume,Adj Close
2007-01-02,45388.0,44476.0,44476.0,45383.0,75560200.0,45383.0
2007-01-03,45379.0,44284.0,45379.0,44445.0,122372800.0,44445.0
2007-01-04,44442.0,43623.0,44442.0,44020.0,86577000.0,44020.0
2007-01-05,44081.0,42160.0,44019.0,42245.0,164055000.0,42245.0
2007-01-08,42926.0,42144.0,42249.0,42830.0,114007100.0,42830.0
2007-01-09,43001.0,41438.0,42831.0,42007.0,112991900.0,42007.0
2007-01-10,42336.0,41266.0,42001.0,42336.0,110755900.0,42336.0
2007-01-11,43128.0,41940.0,42336.0,42670.0,84165800.0,42670.0
2007-01-12,43188.0,42526.0,42669.0,43095.0,96842400.0,43095.0
2007-01-15,43473.0,42875.0,43095.0,42919.0,45027800.0,42919.0
2007-01-16,42916.0,42415.0,42916.0,42624.0,93088400.0,42624.0
2007-01-17,42930.0,42252.0,42626.0,42735.0,73003000.0,42735.0
2007-01-18,43402.0,42407.0,42741.0,42478.0,97203200.0,42478.0
2007-01-19,43428.0,42477.0,42477.0,43428.0,0.0,43428.0
2007-01-22,43879.0,43183.0,43431.0,43553.0,70802000.0,43553.0
2007-01-23,44243.0,43432.0,43549.0,44177.0,109921200.0,44177.0
2007-01-24,44808.0,44041.0,44177.0,44687.0,114652200.0,44687.0
2007-01-26,44687.0,43870.0,44687.0,44412.0,102456700.0,44412.0
2007-01-29,44435.0,43555.0,44414.0,43573.0,95144400.0,43573.0
2007-01-30,44065.0,43508.0,43573.0,44044.0,110700200.0,44044.0
2007-01-31,44643.0,43824.0,44046.0,44642.0,131510700.0,44642.0
2007-02-01,45212.0,44642.0,44642.0,44815.0,120498200.0,44815.0
2007-02-02,45204.0,44597.0,44815.0,44998.0,106514300.0,44998.0
2007-02-05,45286.0,44851.0,44999.0,45286.0,79481200.0,45286.0
2007-02-06,45486.0,45038.0,45287.0,45352.0,109404000.0,45352.0
2007-02-07,45425.0,44488.0,45352.0,44588.0,114293700.0,44588.0
2007-02-08,44892.0,44070.0,44585.0,44892.0,124663400.0,44892.0
2007-02-09,45050.0,44180.0,44894.0,44284.0,133298700.0,44284.0
2007-02-12,44464.0,43850.0,44286.0,43935.0,94842200.0,43935.0
2007-02-13,45197.0,43932.0,43932.0,45197.0,116712300.0,45197.0
2007-02-14,46106.0,45198.0,45198.0,45996.0,232265300.0,45996.0
2007-02-15,46178.0,45734.0,45996.0,45955.0,140012600.0,45955.0
2007-02-16,45966.0,45614.0,45955.0,45849.0,107391100.0,45849.0
2007-02-21,46095.0,45558.0,45849.0,46090.0,73069000.0,46090.0
2007-02-22,46752.0,46097.0,46097.0,46452.0,121582000.0,46452.0
2007-02-23,46517.0,45813.0,46452.0,46016.0,76534200.0,46016.0
2007-02-26,46450.0,45885.0,46021.0,46207.0,94900800.0,46207.0
2007-02-27,46190.0,42571.0,46190.0,43145.0,189354000.0,43145.0
2007-02-28,43923.0,43122.0,43150.0,43892.0,176098100.0,43892.0
2007-03-01,43886.0,42037.0,43886.0,43517.0,131228800.0,43517.0
2007-03-02,43518.0,42297.0,43518.0,42370.0,199570400.0,42370.0
2007-03-05,42370.0,41117.0,42370.0,41179.0,123682700.0,41179.0
2007-03-06,43218.0,41192.0,41192.0,43218.0,119195300.0,43218.0
2007-03-07,43396.0,42660.0,43224.0,42667.0,128354000.0,42667.0
2007-03-08,43726.0,42672.0,42672.0,43466.0,85353800.0,43466.0
2007-03-09,44173.0,43466.0,43466.0,44133.0,129008600.0,44133.0
2007-03-12,44406.0,43845.0,44133.0,44249.0,116185400.0,44249.0
2007-03-13,44249.0,42724.0,44249.0,42749.0,159221400.0,42749.0
2007-03-14,43290.0,42051.0,42749.0,43288.0,160333800.0,43288.0
2007-03-15,43573.0,42951.0,43289.0,43278.0,136954300.0,43278.0
2007-03-16,43568.0,42598.0,43278.0,42730.0,112346700.0,42730.0
2007-03-19,43714.0,42734.0,42734.0,43713.0,142704400.0,43713.0
2007-03-20,44353.0,43679.0,43713.0,44351.0,165675100.0,44351.0
2007-03-21,45631.0,44350.0,44350.0,45631.0,201404600.0,45631.0
2007-03-22,45950.0,45272.0,45631.0,45424.0,139703500.0,45424.0
2007-03-23,45759.0,45168.0,45425.0,45533.0,82313000.0,45533.0
2007-03-26,45712.0,44965.0,45533.0,45645.0,78423800.0,45645.0
2007-03-27,45646.0,45143.0,45646.0,45207.0,95099400.0,45207.0
2007-03-28,45204.0,44315.0,45204.0,44484.0,132180500.0,44484.0
2007-03-29,45570.0,44493.0,44493.0,45355.0,134403900.0,45355.0
2007-03-30,45805.0,45138.0,45355.0,45805.0,124972500.0,45805.0
2007-04-02,45805.0,45225.0,45805.0,45597.0,141629100.0,45597.0
2007-04-03,46481.0,45601.0,45601.0,46288.0,208963000.0,46288.0
2007-04-04,46692.0,46113.0,46290.0,46554.0,121560000.0,46554.0
2007-04-05,46767.0,46418.0,46555.0,46647.0,113833700.0,46647.0
2007-04-09,47239.0,46650.0,46650.0,46855.0,124565500.0,46855.0
2007-04-10,47234.0,46822.0,46855.0,47174.0,165433200.0,47174.0
2007-04-11,47573.0,46680.0,47173.0,46939.0,169053700.0,46939.0
2007-04-12,47389.0,46506.0,46941.0,47347.0,117205600.0,47347.0
2007-04-13,47968.0,47267.0,47347.0,47926.0,122908200.0,47926.0
2007-04-16,49022.0,47925.0,47925.0,48921.0,155061700.0,48921.0
2007-04-17,49156.0,48631.0,48923.0,48755.0,140107200.0,48755.0
2007-04-18,49339.0,48456.0,48760.0,48710.0,190930900.0,48710.0
2007-04-19,48837.0,47917.0,48705.0,48762.0,168338300.0,48762.0
2007-04-20,49459.0,48763.0,48763.0,49408.0,155979900.0,49408.0
2007-04-23,49477.0,49097.0,49409.0,49162.0,84795800.0,49162.0
2007-04-24,49259.0,48602.0,49162.0,49071.0,85154000.0,49071.0
2007-04-25,49816.0,49072.0,49072.0,49676.0,139457700.0,49676.0
2007-04-26,49856.0,49060.0,49678.0,49068.0,130519800.0,49068.0
2007-04-27,49232.0,48311.0,49067.0,49230.0,97450000.0,49230.0
2007-04-30,49482.0,48744.0,49222.0,48956.0,155714300.0,48956.0
2007-05-02,49630.0,48953.0,48955.0,49472.0,82439200.0,49472.0
2007-05-03,50318.0,49472.0,49472.0,50218.0,61496600.0,50218.0
2007-05-04,50898.0,50218.0,50218.0,50598.0,48752600.0,50598.0
2007-05-07,50618.0,50154.0,50591.0,50282.0,30581600.0,50282.0
2007-05-08,50369.0,49526.0,50276.0,50278.0,58598200.0,50278.0
2007-05-09,51369.0,50149.0,50277.0,51300.0,129546400.0,51300.0
2007-05-10,51298.0,50205.0,51298.0,50235.0,183381300.0,50235.0
2007-05-11,51083.0,50235.0,50235.0,50902.0,146071500.0,50902.0
2007-05-14,51066.0,50298.0,50910.0,50511.0,82391800.0,50511.0
2007-05-15,51042.0,50370.0,50511.0,50518.0,88112800.0,50518.0
2007-05-16,51738.0,50518.0,50518.0,51738.0,154949100.0,51738.0
2007-05-17,51959.0,51374.0,51741.0,51631.0,100343900.0,51631.0
2007-05-18,52088.0,51499.0,51633.0,52078.0,103165200.0,52078.0
2007-05-21,52691.0,52078.0,52078.0,52423.0,128956500.0,52423.0
2007-05-22,52561.0,52039.0,52424.0,52208.0,54601200.0,52208.0
2007-05-23,52505.0,51670.0,52210.0,51813.0,177385300.0,51813.0
2007-05-24,51891.0,50214.0,51813.0,50531.0,104114900.0,50531.0
2007-05-25,51633.0,50541.0,50541.0,51618.0,93920400.0,51618.0
2007-05-28,52209.0,51616.0,51616.0,52120.0,58686200.0,52120.0
2007-05-29,52545.0,51271.0,52121.0,51713.0,158100700.0,51713.0
2007-05-30,52595.0,50607.0,51706.0,52528.0,140483000.0,52528.0
2007-05-31,52877.0,52098.0,52536.0,52268.0,125166600.0,52268.0
2007-06-01,53423.0,52271.0,52271.0,53423.0,148685200.0,53423.0
2007-06-04,53423.0,52651.0,53423.0,53243.0,90055800.0,53243.0
2007-06-05,53271.0,52673.0,53245.0,53162.0,89869200.0,53162.0
2007-06-06,53162.0,51869.0,53162.0,52049.0,92944800.0,52049.0
2007-06-08,52500.0,50885.0,52045.0,52330.0,84325800.0,52330.0
2007-06-11,52952.0,52184.0,52324.0,52777.0,81569800.0,52777.0
2007-06-12,52776.0,51643.0,52776.0,51797.0,75774200.0,51797.0
2007-06-13,53226.0,51799.0,51799.0,52994.0,175650400.0,52994.0
2007-06-14,53798.0,53009.0,53011.0,53713.0,97862600.0,53713.0
2007-06-15,54726.0,53723.0,53723.0,54519.0,123495800.0,54519.0
2007-06-18,55000.0,54355.0,54519.0,54730.0,115684800.0,54730.0
2007-06-19,54797.0,54450.0,54730.0,54644.0,99302200.0,54644.0
2007-06-20,55003.0,54029.0,54644.0,54029.0,120526300.0,54029.0
2007-06-21,54844.0,53911.0,54030.0,54657.0,103576000.0,54657.0
2007-06-22,54644.0,53952.0,54644.0,54267.0,94636800.0,54267.0
2007-06-25,54605.0,53605.0,54270.0,54042.0,84710200.0,54042.0
2007-06-26,54413.0,53842.0,54045.0,53852.0,68430600.0,53852.0
2007-06-27,54164.0,53202.0,53852.0,54143.0,86424600.0,54143.0
2007-06-28,54648.0,54147.0,54154.0,54147.0,89190200.0,54147.0
2007-06-29,54783.0,53958.0,54150.0,54392.0,85396000.0,54392.0
2007-07-02,55386.0,54396.0,54396.0,55371.0,67223800.0,55371.0
2007-07-03,55783.0,55259.0,55371.0,55700.0,33761000.0,55700.0
2007-07-04,56000.0,55598.0,55698.0,55696.0,23831400.0,55696.0
2007-07-05,55932.0,55345.0,55696.0,55932.0,54025000.0,55932.0
2007-07-06,56444.0,55932.0,55932.0,56444.0,39105400.0,56444.0
2007-07-10,56544.0,55678.0,56444.0,55883.0,50772400.0,55883.0
2007-07-11,56495.0,55628.0,55882.0,56356.0,42577400.0,56356.0
2007-07-12,57676.0,56378.0,56380.0,57613.0,43539800.0,57613.0
2007-07-13,57983.0,57327.0,57613.0,57644.0,49967000.0,57644.0
2007-07-16,57666.0,57035.0,57644.0,57374.0,51594200.0,57374.0
2007-07-17,57799.0,57307.0,57376.0,57660.0,0.0,57660.0
2007-07-18,57660.0,56903.0,57660.0,57556.0,0.0,57556.0
2007-07-19,58293.0,57556.0,57556.0,58125.0,0.0,58125.0
2007-07-20,58125.0,57103.0,58125.0,57443.0,36497000.0,57443.0
2007-07-23,58070.0,57443.0,57443.0,58037.0,40731200.0,58037.0
2007-07-24,58057.0,55165.0,58036.0,55795.0,61823000.0,55795.0
2007-07-25,56409.0,54520.0,55797.0,56001.0,79978200.0,56001.0
2007-07-26,55998.0,52627.0,55998.0,53893.0,80241800.0,53893.0
2007-07-27,54407.0,52922.0,53893.0,52922.0,64166800.0,52922.0
2007-07-30,54790.0,52925.0,52925.0,54573.0,46189400.0,54573.0
2007-07-31,55662.0,54169.0,54602.0,54183.0,60286200.0,54183.0
2007-08-01,54234.0,53036.0,54170.0,54234.0,60579400.0,54234.0
2007-08-02,54959.0,54202.0,54245.0,54691.0,46542600.0,54691.0
2007-08-03,54725.0,52575.0,54697.0,52846.0,83125000.0,52846.0
2007-08-06,53207.0,51317.0,52846.0,53091.0,81613200.0,53091.0
2007-08-07,54113.0,52746.0,53092.0,53802.0,37271000.0,53802.0
2007-08-08,55616.0,53804.0,53804.0,55241.0,64404600.0,55241.0
2007-08-09,55213.0,53324.0,55213.0,53431.0,50735200.0,53431.0
2007-08-10,53431.0,51682.0,53431.0,52638.0,58812200.0,52638.0
2007-08-13,53670.0,52202.0,52647.0,52434.0,48389000.0,52434.0
2007-08-14,52945.0,50912.0,52434.0,50912.0,49403000.0,50912.0
2007-08-15,51286.0,49106.0,50912.0,49285.0,108086200.0,49285.0
2007-08-16,49281.0,44938.0,49281.0,48016.0,94943000.0,48016.0
2007-08-17,49588.0,46877.0,48026.0,48559.0,69136800.0,48559.0
2007-08-20,49574.0,48561.0,48561.0,49206.0,40150000.0,49206.0
2007-08-21,50064.0,48739.0,49208.0,49815.0,25605200.0,49815.0
2007-08-22,51749.0,49815.0,49815.0,51745.0,26165200.0,51745.0
2007-08-23,52351.0,51082.0,51745.0,51848.0,18680600.0,51848.0
2007-08-24,52998.0,51390.0,51845.0,52998.0,48704200.0,52998.0
2007-08-27,53396.0,52502.0,52995.0,53078.0,23481800.0,53078.0
2007-08-28,53072.0,51390.0,53072.0,51645.0,20718200.0,51645.0
2007-08-29,52810.0,51647.0,51648.0,52735.0,20048400.0,52735.0
2007-08-30,53645.0,52223.0,52728.0,52858.0,28670400.0,52858.0
2007-08-31,54715.0,52874.0,52874.0,54637.0,46496600.0,54637.0
2007-09-03,54998.0,54519.0,54641.0,54833.0,5239000.0,54833.0
2007-09-04,55566.0,54588.0,54834.0,55250.0,9577600.0,55250.0
2007-09-05,55243.0,54156.0,55243.0,54408.0,2828400.0,54408.0
2007-09-06,55094.0,54413.0,54413.0,54569.0,5897800.0,54569.0
2007-09-10,54554.0,52321.0,54554.0,52653.0,4085000.0,52653.0
2007-09-11,53954.0,52660.0,52660.0,53921.0,4894200.0,53921.0
2007-09-12,54622.0,53718.0,53922.0,53883.0,5599000.0,53883.0
2007-09-13,55087.0,53883.0,53883.0,54908.0,3627600.0,54908.0
2007-09-14,55465.0,54378.0,54909.0,54671.0,5843200.0,54671.0
2007-09-17,54733.0,53691.0,54671.0,54341.0,4175800.0,54341.0
2007-09-18,56844.0,54351.0,54351.0,56666.0,7547200.0,56666.0
2007-09-19,58079.0,56675.0,56675.0,57264.0,7791400.0,57264.0
2007-09-20,57609.0,56607.0,57263.0,56906.0,4655000.0,56906.0
2007-09-21,57899.0,56919.0,56919.0,57799.0,7360400.0,57799.0
2007-09-24,58719.0,57799.0,57799.0,58719.0,5824600.0,58719.0
2007-09-25,58862.0,57969.0,58717.0,58858.0,3464800.0,58858.0
2007-09-26,59825.0,58859.0,58859.0,59715.0,6099200.0,59715.0
2007-09-27,61052.0,59713.0,59713.0,61052.0,6392800.0,61052.0
2007-09-28,61054.0,60086.0,61054.0,60465.0,5429200.0,60465.0
2007-10-01,62355.0,60465.0,60465.0,62340.0,15394000.0,62340.0
2007-10-02,62356.0,61241.0,62341.0,62017.0,6097200.0,62017.0
2007-10-03,62021.0,60094.0,62021.0,60099.0,6852200.0,60099.0
2007-10-04,61080.0,59536.0,60102.0,60407.0,8710600.0,60407.0
2007-10-05,62704.0,60408.0,60408.0,62319.0,9083000.0,62319.0
2007-10-08,62725.0,61841.0,62319.0,62661.0,4076200.0,62661.0
2007-10-09,63658.0,62661.0,62661.0,63549.0,7505800.0,63549.0
2007-10-10,63565.0,62894.0,63550.0,63197.0,4719800.0,63197.0
2007-10-11,64169.0,61487.0,63197.0,62456.0,5273600.0,62456.0
2007-10-15,63841.0,62412.0,62456.0,62969.0,4598800.0,62969.0
2007-10-16,62965.0,61565.0,62965.0,61718.0,4902600.0,61718.0
2007-10-17,63194.0,61460.0,61720.0,63194.0,7642000.0,63194.0
2007-10-18,63322.0,61943.0,63192.0,63261.0,4539800.0,63261.0
2007-10-19,63349.0,60883.0,63270.0,60894.0,5454000.0,60894.0
2007-10-22,61379.0,59473.0,60884.0,61215.0,4185400.0,61215.0
2007-10-23,62773.0,61214.0,61214.0,62697.0,7591000.0,62697.0
2007-10-24,62816.0,61448.0,62693.0,62625.0,7745200.0,62625.0
2007-10-25,63206.0,61968.0,62628.0,62341.0,6487200.0,62341.0
2007-10-26,64320.0,62346.0,62346.0,64276.0,6239600.0,64276.0
2007-10-29,65670.0,64275.0,64275.0,65044.0,7741000.0,65044.0
2007-10-30,65147.0,64264.0,65044.0,64383.0,7817400.0,64383.0
2007-10-31,65949.0,64385.0,64385.0,65318.0,4318400.0,65318.0
2007-11-01,65317.0,63774.0,65317.0,64050.0,6187200.0,64050.0
2007-11-05,64049.0,62720.0,64049.0,62960.0,9279400.0,62960.0
2007-11-06,64524.0,62967.0,62967.0,64503.0,4556000.0,64503.0
2007-11-07,64603.0,63223.0,64503.0,63501.0,112200.0,63501.0
2007-11-08,65283.0,63140.0,63503.0,63562.0,7195800.0,63562.0
2007-11-09,65281.0,62279.0,63571.0,64321.0,6871000.0,64321.0
2007-11-12,64321.0,61452.0,64321.0,61527.0,5393400.0,61527.0
2007-11-13,62933.0,61034.0,61526.0,62927.0,5980600.0,62927.0
2007-11-14,64896.0,62919.0,62919.0,64631.0,10894400.0,64631.0
2007-11-16,64802.0,63627.0,64634.0,64609.0,4450600.0,64609.0
2007-11-19,64609.0,62321.0,64609.0,62336.0,3819200.0,62336.0
2007-11-21,62335.0,59847.0,62335.0,60582.0,6540600.0,60582.0
2007-11-22,61102.0,60124.0,60582.0,60653.0,2223600.0,60653.0
2007-11-23,61334.0,60662.0,60662.0,60971.0,8923600.0,60971.0
2007-11-26,61560.0,59067.0,60973.0,59069.0,6195600.0,59069.0
2007-11-27,59971.0,58096.0,59067.0,59432.0,6147400.0,59432.0
2007-11-28,61858.0,59432.0,59432.0,61715.0,6116600.0,61715.0
2007-11-29,63190.0,61465.0,61720.0,62156.0,5978200.0,62156.0
2007-11-30,63701.0,62157.0,62157.0,63006.0,4849000.0,63006.0
2007-12-03,63682.0,62729.0,63018.0,63200.0,0.0,63200.0
2007-12-04,63722.0,62373.0,63203.0,63482.0,0.0,63482.0
2007-12-05,65204.0,63483.0,63483.0,64928.0,0.0,64928.0
2007-12-06,65791.0,64692.0,64929.0,65791.0,3108800.0,65791.0
2007-12-07,66529.0,65278.0,65789.0,65639.0,2289000.0,65639.0
2007-12-10,65874.0,65228.0,65642.0,65446.0,3680000.0,65446.0
2007-12-11,66451.0,64127.0,65448.0,64512.0,4639800.0,64512.0
2007-12-12,66171.0,64502.0,64512.0,64742.0,0.0,64742.0
2007-12-13,64735.0,62466.0,64735.0,62861.0,2936800.0,62861.0
2007-12-14,63455.0,62445.0,62868.0,62445.0,3054000.0,62445.0
2007-12-17,62445.0,59820.0,62445.0,59828.0,2242400.0,59828.0
2007-12-18,61421.0,59414.0,59832.0,61096.0,3616600.0,61096.0
2007-12-19,61734.0,60915.0,61108.0,61722.0,0.0,61722.0
2007-12-20,62467.0,61416.0,61724.0,61716.0,4797200.0,61716.0
2007-12-21,63398.0,61725.0,61725.0,63098.0,2453000.0,63098.0
2007-12-26,64304.0,63101.0,63101.0,64288.0,1820200.0,64288.0
2007-12-27,64584.0,63590.0,64287.0,63774.0,2043800.0,63774.0
2007-12-28,64124.0,63598.0,63776.0,63886.0,2588600.0,63886.0
2008-01-02,63906.0,62659.0,63885.0,62815.0,2980200.0,62815.0
2008-01-03,63129.0,62556.0,62814.0,62892.0,1895800.0,62892.0
2008-01-04,63436.0,60574.0,62898.0,61037.0,2613800.0,61037.0
2008-01-07,61505.0,60092.0,61054.0,60772.0,2223400.0,60772.0
2008-01-08,62650.0,60771.0,60771.0,62081.0,3314000.0,62081.0
2008-01-09,62674.0,61487.0,62078.0,62674.0,3480400.0,62674.0
2008-01-10,63615.0,62594.0,62677.0,63515.0,3227000.0,63515.0
2008-01-11,63514.0,61942.0,63514.0,61942.0,2920600.0,61942.0
2008-01-14,62536.0,61643.0,61950.0,62188.0,2829000.0,62188.0
2008-01-15,62180.0,59897.0,62180.0,59907.0,4080800.0,59907.0
2008-01-16,59906.0,58077.0,59906.0,58777.0,3455400.0,58777.0
2008-01-17,59643.0,56734.0,58773.0,57037.0,3594000.0,57037.0
2008-01-18,58291.0,56241.0,57039.0,57506.0,5810600.0,57506.0
2008-01-21,57503.0,53487.0,57503.0,53709.0,3566400.0,53709.0
2008-01-22,56541.0,53610.0,53705.0,56097.0,3650200.0,56097.0
2008-01-23,56098.0,53011.0,56098.0,54235.0,3719400.0,54235.0
2008-01-24,57675.0,54242.0,54242.0,57463.0,3801800.0,57463.0
2008-01-28,58721.0,56360.0,57457.0,58594.0,3928600.0,58594.0
2008-01-29,59715.0,58597.0,58597.0,59530.0,3441800.0,59530.0
2008-01-30,60289.0,58752.0,59522.0,60289.0,4314400.0,60289.0
2008-01-31,60288.0,57886.0,60288.0,59490.0,6158800.0,59490.0
2008-02-01,61187.0,59491.0,59491.0,61080.0,3601800.0,61080.0
2008-02-06,61076.0,58742.0,61076.0,58969.0,0.0,58969.0
2008-02-07,59581.0,58030.0,58965.0,58965.0,3993400.0,58965.0
2008-02-08,59520.0,58843.0,58967.0,59076.0,2023200.0,59076.0
2008-02-11,60805.0,59081.0,59081.0,60643.0,2569600.0,60643.0
2008-02-12,62828.0,60645.0,60645.0,61805.0,13473600.0,61805.0
2008-02-13,63002.0,61802.0,61802.0,62591.0,4423000.0,62591.0
2008-02-14,63224.0,61737.0,62595.0,61819.0,2359200.0,61819.0
2008-02-15,61803.0,60717.0,61803.0,61272.0,2353000.0,61272.0
2008-02-18,62883.0,61292.0,61292.0,62801.0,1497200.0,62801.0
2008-02-19,63590.0,62180.0,62801.0,62297.0,2089200.0,62297.0
2008-02-20,63780.0,61634.0,62292.0,63747.0,2756400.0,63747.0
2008-02-21,64631.0,63620.0,63748.0,63792.0,2422600.0,63792.0
2008-02-22,64609.0,63360.0,63780.0,64609.0,2075800.0,64609.0
2008-02-25,65013.0,64060.0,64605.0,65001.0,2370400.0,65001.0
2008-02-26,65399.0,63983.0,64994.0,65183.0,3564000.0,65183.0
2008-02-27,65968.0,64647.0,65178.0,65495.0,4842600.0,65495.0
2008-02-28,66005.0,65248.0,65495.0,65555.0,3693000.0,65555.0
2008-02-29,65553.0,63482.0,65553.0,63489.0,2817000.0,63489.0
2008-03-03,64644.0,63159.0,63496.0,64490.0,2267000.0,64490.0
2008-03-04,64530.0,62745.0,64486.0,63656.0,2141800.0,63656.0
2008-03-05,65045.0,63653.0,63653.0,64629.0,2322800.0,64629.0
2008-03-06,64676.0,62975.0,64631.0,62975.0,2246000.0,62975.0
2008-03-07,62973.0,61382.0,62973.0,61868.0,2489000.0,61868.0
2008-03-10,61923.0,59996.0,61869.0,59999.0,1901000.0,59999.0
2008-03-11,62368.0,60006.0,60006.0,62368.0,3223600.0,62368.0
2008-03-12,63036.0,62022.0,62378.0,62177.0,2316400.0,62177.0
2008-03-13,62413.0,60168.0,62175.0,62280.0,3854200.0,62280.0
2008-03-14,63028.0,60710.0,62280.0,61991.0,2813200.0,61991.0
2008-03-17,61987.0,59342.0,61987.0,60012.0,2131800.0,60012.0
2008-03-18,61933.0,60040.0,60040.0,61933.0,3084800.0,61933.0
2008-03-19,62372.0,58805.0,61936.0,58827.0,2229400.0,58827.0
2008-03-20,59170.0,57824.0,58818.0,58987.0,2717800.0,58987.0
2008-03-24,61083.0,58994.0,58994.0,59813.0,2289000.0,59813.0
2008-03-25,61616.0,59820.0,59820.0,61234.0,2523800.0,61234.0
2008-03-26,61849.0,60759.0,61234.0,61415.0,2351000.0,61415.0
2008-03-27,62200.0,60679.0,61418.0,60762.0,1639200.0,60762.0
2008-03-28,61062.0,60192.0,60762.0,60452.0,1673400.0,60452.0
2008-03-31,60982.0,59917.0,60449.0,60968.0,2168400.0,60968.0
2008-04-01,62788.0,60965.0,60965.0,62775.0,1205600.0,62775.0
2008-04-02,63816.0,62775.0,62775.0,63364.0,1076800.0,63364.0
2008-04-03,64731.0,62793.0,63367.0,64175.0,1039400.0,64175.0
2008-04-04,64630.0,63906.0,64177.0,64446.0,812800.0,64446.0
2008-04-07,65409.0,63919.0,64447.0,64176.0,909400.0,64176.0
2008-04-08,64833.0,63453.0,64180.0,64540.0,878000.0,64540.0
2008-04-09,64621.0,63167.0,64540.0,63477.0,863400.0,63477.0
2008-04-10,63646.0,62712.0,63475.0,63527.0,909400.0,63527.0
2008-04-11,63526.0,62459.0,63526.0,62585.0,696800.0,62585.0
2008-04-14,62733.0,61467.0,62592.0,62153.0,926600.0,62153.0
2008-04-15,62825.0,62151.0,62151.0,62618.0,841600.0,62618.0
2008-04-16,64314.0,62625.0,62625.0,64152.0,1237800.0,64152.0
2008-04-17,64945.0,63599.0,64150.0,64552.0,908400.0,64552.0
2008-04-18,65384.0,64554.0,64554.0,64923.0,856800.0,64923.0
2008-04-22,65689.0,64922.0,64922.0,65413.0,965800.0,65413.0
2008-04-23,65689.0,64914.0,65413.0,64948.0,862800.0,64948.0
2008-04-24,65086.0,64223.0,64946.0,64576.0,971600.0,64576.0
2008-04-25,65253.0,64172.0,64576.0,65187.0,1111000.0,65187.0
2008-04-28,66025.0,65191.0,65191.0,65678.0,1183000.0,65678.0
2008-04-29,65678.0,63706.0,65678.0,63826.0,1113600.0,63826.0
2008-04-30,68038.0,63826.0,63826.0,67868.0,2112800.0,67868.0
2008-05-02,70973.0,67865.0,67869.0,69366.0,1981800.0,69366.0
2008-05-05,70435.0,69366.0,69366.0,70175.0,1347400.0,70175.0
2008-05-06,70215.0,69561.0,70175.0,70195.0,1518000.0,70195.0
2008-05-07,70545.0,68599.0,70201.0,69018.0,1342600.0,69018.0
2008-05-08,69877.0,69014.0,69021.0,69722.0,975000.0,69722.0
2008-05-09,69722.0,68764.0,69722.0,69646.0,841200.0,69646.0
2008-05-12,70420.0,69068.0,69646.0,70416.0,966600.0,70416.0
2008-05-13,71084.0,70108.0,70422.0,70503.0,1207600.0,70503.0
2008-05-14,70966.0,70027.0,70495.0,70027.0,1200000.0,70027.0
2008-05-15,71492.0,70031.0,70031.0,71492.0,1144400.0,71492.0
2008-05-16,72767.0,71496.0,71496.0,72767.0,1348800.0,72767.0
2008-05-19,73794.0,72458.0,72767.0,73439.0,1494600.0,73439.0
2008-05-20,73522.0,72146.0,73445.0,73517.0,1256200.0,73517.0
2008-05-21,73780.0,72150.0,73508.0,72295.0,1465000.0,72295.0
2008-05-23,72295.0,70774.0,72295.0,71452.0,1094000.0,71452.0
2008-05-26,71988.0,71423.0,71452.0,71629.0,503200.0,71629.0
2008-05-27,71659.0,70335.0,71629.0,70992.0,1409600.0,70992.0
2008-05-28,73180.0,70734.0,70995.0,73153.0,1455000.0,73153.0
2008-05-29,73920.0,71695.0,73154.0,71798.0,1542600.0,71798.0
2008-05-30,72862.0,71766.0,71798.0,72593.0,1770400.0,72593.0
2008-06-02,72593.0,71352.0,72593.0,71897.0,1171000.0,71897.0
2008-06-03,72019.0,69602.0,71897.0,70012.0,1301200.0,70012.0
2008-06-04,70012.0,68465.0,70012.0,68673.0,1438400.0,68673.0
2008-06-05,71235.0,68674.0,68674.0,71235.0,1219200.0,71235.0
2008-06-06,71211.0,69515.0,71208.0,69786.0,1199800.0,69786.0
2008-06-09,69990.0,68534.0,69786.0,69281.0,1035000.0,69281.0
2008-06-10,69275.0,67067.0,69275.0,67775.0,1256000.0,67775.0
2008-06-11,68061.0,66715.0,67775.0,66795.0,1254200.0,66795.0
2008-06-12,67958.0,66798.0,66798.0,67322.0,1142800.0,67322.0
2008-06-13,67885.0,66907.0,67326.0,67204.0,917400.0,67204.0
2008-06-16,67618.0,66430.0,67206.0,67285.0,1043400.0,67285.0
2008-06-17,69029.0,67284.0,67284.0,68438.0,1200200.0,68438.0
2008-06-18,68431.0,66917.0,68431.0,67090.0,1361400.0,67090.0
2008-06-19,67339.0,66182.0,67090.0,66590.0,1172000.0,66590.0
2008-06-20,66611.0,64602.0,66584.0,64614.0,1141400.0,64614.0
2008-06-23,65401.0,64440.0,64622.0,64640.0,858600.0,64640.0
2008-06-24,65084.0,63713.0,64636.0,64168.0,1128800.0,64168.0
2008-06-25,66308.0,64173.0,64173.0,65853.0,1351400.0,65853.0
2008-06-26,65804.0,63689.0,65804.0,63947.0,1265000.0,63947.0
2008-06-27,64624.0,63881.0,63951.0,64321.0,1100000.0,64321.0
2008-06-30,65353.0,64326.0,64326.0,65018.0,970400.0,65018.0
2008-07-01,65018.0,62911.0,65018.0,63396.0,1261800.0,63396.0
2008-07-02,63945.0,61028.0,63397.0,61106.0,1309000.0,61106.0
2008-07-03,61601.0,59243.0,61094.0,59273.0,1207600.0,59273.0
2008-07-04,59779.0,58786.0,59266.0,59365.0,642000.0,59365.0
2008-07-07,60795.0,58731.0,59372.0,59088.0,1078400.0,59088.0
2008-07-08,59536.0,57945.0,59081.0,59536.0,1235600.0,59536.0
2008-07-10,60589.0,58338.0,59528.0,60253.0,1487000.0,60253.0
2008-07-11,61053.0,59603.0,60256.0,60148.0,1051000.0,60148.0
2008-07-14,61306.0,60156.0,60156.0,60721.0,970400.0,60721.0
2008-07-15,61679.0,58790.0,60715.0,61015.0,1473400.0,61015.0
2008-07-16,62183.0,60863.0,61018.0,62056.0,1575600.0,62056.0
2008-07-17,62606.0,59985.0,62063.0,60109.0,1893000.0,60109.0
2008-07-18,61299.0,59479.0,60106.0,59988.0,1230600.0,59988.0
2008-07-21,61275.0,60002.0,60002.0,60772.0,1230600.0,60772.0
2008-07-22,60780.0,59231.0,60772.0,59647.0,1203800.0,59647.0
2008-07-23,60242.0,59313.0,59646.0,59421.0,1422000.0,59421.0
2008-07-24,59641.0,57334.0,59425.0,57434.0,1776800.0,57434.0
2008-07-25,57711.0,56418.0,57420.0,57199.0,1183400.0,57199.0
2008-07-28,58176.0,56839.0,57207.0,56869.0,887600.0,56869.0
2008-07-29,58043.0,56869.0,56869.0,58043.0,1118200.0,58043.0
2008-07-30,59998.0,58069.0,58069.0,59998.0,1527800.0,59998.0
2008-07-31,60023.0,59225.0,59998.0,59505.0,1277200.0,59505.0
2008-08-01,59505.0,57492.0,59505.0,57630.0,999400.0,57630.0
2008-08-04,57641.0,55367.0,57619.0,55609.0,1148000.0,55609.0
2008-08-05,56974.0,55609.0,55609.0,56471.0,1402400.0,56471.0
2008-08-06,57813.0,56473.0,56473.0,57542.0,1266800.0,57542.0
2008-08-07,57942.0,56960.0,57546.0,57018.0,1116400.0,57018.0
2008-08-08,57146.0,56152.0,57018.0,56584.0,1054200.0,56584.0
2008-08-11,56974.0,54569.0,56590.0,54720.0,1208600.0,54720.0
2008-08-12,55355.0,54325.0,54721.0,54503.0,1226200.0,54503.0
2008-08-13,55492.0,54035.0,54509.0,54573.0,1922800.0,54573.0
2008-08-14,55725.0,54573.0,54573.0,55138.0,1065600.0,55138.0
2008-08-15,55307.0,53831.0,55137.0,54244.0,945800.0,54244.0
2008-08-18,54928.0,53050.0,54252.0,53327.0,847000.0,53327.0
2008-08-19,54329.0,52345.0,53326.0,53639.0,1006600.0,53639.0
2008-08-20,55545.0,53641.0,53641.0,55377.0,1149400.0,55377.0
2008-08-21,56144.0,55380.0,55380.0,55935.0,1113200.0,55935.0
2008-08-22,56430.0,55202.0,55933.0,55850.0,823400.0,55850.0
2008-08-25,55906.0,54468.0,55854.0,54477.0,653400.0,54477.0
2008-08-26,55088.0,54153.0,54477.0,54359.0,836200.0,54359.0
2008-08-27,55591.0,54366.0,54366.0,55519.0,881600.0,55519.0
2008-08-28,56524.0,55516.0,55516.0,56382.0,1062400.0,56382.0
2008-08-29,56856.0,55678.0,56388.0,55680.0,1102400.0,55680.0
2008-09-01,55665.0,54933.0,55665.0,55162.0,520000.0,55162.0
2008-09-02,55412.0,54207.0,55161.0,54404.0,1163200.0,54404.0
2008-09-03,55241.0,52891.0,54414.0,53527.0,1439800.0,53527.0
2008-09-04,53749.0,51157.0,53527.0,51409.0,1542200.0,51409.0
2008-09-05,51940.0,50092.0,51404.0,51940.0,1441600.0,51940.0
2008-09-08,53706.0,50646.0,51940.0,50718.0,1466000.0,50718.0
2008-09-09,50711.0,48419.0,50711.0,48435.0,1481000.0,48435.0
2008-09-10,49957.0,47606.0,48439.0,49633.0,1904800.0,49633.0
2008-09-11,51270.0,48217.0,49629.0,51270.0,1556200.0,51270.0
2008-09-12,52591.0,50789.0,51267.0,52393.0,1393800.0,52393.0
2008-09-15,52386.0,48409.0,52386.0,48416.0,1589800.0,48416.0
2008-09-16,49313.0,46261.0,48404.0,49229.0,2046400.0,49229.0
2008-09-17,49218.0,45859.0,49218.0,45909.0,2322200.0,45909.0
2008-09-18,49002.0,45295.0,45909.0,48423.0,2332600.0,48423.0
2008-09-19,53168.0,48424.0,48424.0,53055.0,2103800.0,53055.0
2008-09-22,53455.0,51530.0,53055.0,51541.0,1450200.0,51541.0
2008-09-23,51856.0,49289.0,51537.0,49593.0,1648800.0,49593.0
2008-09-24,50747.0,49598.0,49598.0,49843.0,1203000.0,49843.0
2008-09-25,51867.0,49848.0,49848.0,51828.0,1401400.0,51828.0
2008-09-26,51824.0,49902.0,51824.0,50783.0,1989400.0,50783.0
2008-09-29,50743.0,43766.0,50743.0,46028.0,1881800.0,46028.0
2008-09-30,49541.0,46026.0,46026.0,49541.0,1557000.0,49541.0
2008-10-01,49834.0,47641.0,49538.0,49799.0,1498000.0,49799.0
2008-10-02,49805.0,45113.0,49805.0,46145.0,1684200.0,46145.0
2008-10-03,48075.0,44158.0,46155.0,44517.0,1577200.0,44517.0
2008-10-06,44502.0,37617.0,44502.0,42101.0,2075600.0,42101.0
2008-10-07,43167.0,39583.0,42104.0,40140.0,1969600.0,40140.0
2008-10-08,40439.0,37597.0,40137.0,38594.0,2832800.0,38594.0
2008-10-09,40479.0,36832.0,38594.0,37080.0,2180800.0,37080.0
2008-10-10,37079.0,33238.0,37079.0,35610.0,2444600.0,35610.0
2008-10-13,40829.0,35609.0,35609.0,40829.0,1974000.0,40829.0
2008-10-14,43753.0,40218.0,40833.0,41569.0,2264400.0,41569.0
2008-10-15,41567.0,35411.0,41567.0,36833.0,2147000.0,36833.0
2008-10-16,37394.0,33752.0,36835.0,36442.0,2284000.0,36442.0
2008-10-17,38342.0,35834.0,36440.0,36399.0,1849400.0,36399.0
2008-10-20,39453.0,36401.0,36401.0,39441.0,1549600.0,39441.0
2008-10-21,39980.0,38083.0,39440.0,39043.0,1533600.0,39043.0
2008-10-22,39043.0,35028.0,39043.0,35070.0,1647800.0,35070.0
2008-10-23,35777.0,32706.0,35069.0,33818.0,1962800.0,33818.0
2008-10-24,33809.0,30788.0,33809.0,31482.0,2251800.0,31482.0
2008-10-27,31480.0,29435.0,31480.0,29435.0,1696200.0,29435.0
2008-10-28,33387.0,29438.0,29438.0,33387.0,2342000.0,33387.0
2008-10-29,35766.0,33387.0,33387.0,34845.0,2184800.0,34845.0
2008-10-30,37590.0,34852.0,34852.0,37449.0,2485800.0,37449.0
2008-10-31,37945.0,35858.0,37447.0,37257.0,2002000.0,37257.0
2008-11-03,38545.0,36938.0,37261.0,38249.0,1676800.0,38249.0
2008-11-04,41003.0,38256.0,38256.0,40255.0,2134200.0,40255.0
2008-11-05,40245.0,37711.0,40245.0,37786.0,2127800.0,37786.0
2008-11-06,37786.0,35387.0,37786.0,36362.0,1999000.0,36362.0
2008-11-07,37716.0,36297.0,36362.0,36665.0,1764400.0,36665.0
2008-11-10,38725.0,36298.0,36672.0,36776.0,1467000.0,36776.0
2008-11-11,37629.0,35499.0,36775.0,37262.0,1536400.0,37262.0
2008-11-12,37261.0,34221.0,37261.0,34374.0,2413400.0,34374.0
2008-11-13,36244.0,33645.0,34374.0,35993.0,1890000.0,35993.0
2008-11-14,36697.0,35016.0,36003.0,35789.0,1628600.0,35789.0
2008-11-17,36373.0,34427.0,35777.0,35717.0,1393600.0,35717.0
2008-11-18,35698.0,33882.0,35698.0,34095.0,1750800.0,34095.0
2008-11-19,34786.0,33275.0,34098.0,33405.0,1567200.0,33405.0
2008-11-21,33403.0,31081.0,33403.0,31251.0,1894800.0,31251.0
2008-11-24,34382.0,31255.0,31255.0,34189.0,1995600.0,34189.0
2008-11-25,35532.0,33620.0,34189.0,34813.0,1712200.0,34813.0
2008-11-26,36877.0,34319.0,34814.0,36470.0,2075200.0,36470.0
2008-11-27,36817.0,36114.0,36470.0,36213.0,878600.0,36213.0
2008-11-28,37217.0,35944.0,36216.0,36596.0,1547400.0,36596.0
2008-12-01,36596.0,34396.0,36596.0,34741.0,1458800.0,34741.0
2008-12-02,35734.0,34743.0,34743.0,35001.0,1596400.0,35001.0
2008-12-03,35476.0,33798.0,35001.0,35297.0,2237800.0,35297.0
2008-12-04,35944.0,35128.0,35311.0,35128.0,1264800.0,35128.0
2008-12-05,35435.0,34013.0,35125.0,35347.0,1929800.0,35347.0
2008-12-08,38426.0,35347.0,35347.0,38285.0,2422400.0,38285.0
2008-12-09,38863.0,37653.0,38285.0,37968.0,2011600.0,37968.0
2008-12-10,39748.0,37972.0,37972.0,39004.0,2233000.0,39004.0
2008-12-11,39880.0,38515.0,39009.0,38519.0,1952400.0,38519.0
2008-12-12,39374.0,37014.0,38517.0,39374.0,1692800.0,39374.0
2008-12-15,39735.0,38320.0,39368.0,38320.0,1631600.0,38320.0
2008-12-16,39993.0,38324.0,38324.0,39993.0,1614000.0,39993.0
2008-12-17,40361.0,39121.0,39993.0,39947.0,2284800.0,39947.0
2008-12-18,40498.0,38995.0,39947.0,39536.0,1696200.0,39536.0
2008-12-19,39785.0,38728.0,39535.0,39131.0,1219200.0,39131.0
2008-12-22,39452.0,37478.0,39140.0,37619.0,1275600.0,37619.0
2008-12-23,38005.0,36452.0,37617.0,36471.0,860000.0,36471.0
2008-12-26,37136.0,36334.0,36470.0,36864.0,508600.0,36864.0
2008-12-29,37631.0,36638.0,36864.0,37060.0,984800.0,37060.0
2008-12-30,37783.0,37065.0,37070.0,37550.0,1569800.0,37550.0
2009-01-02,40265.0,37550.0,37550.0,40244.0,1055200.0,40244.0
2009-01-05,41889.0,39526.0,40243.0,41519.0,1909200.0,41519.0
2009-01-06,42363.0,41520.0,41520.0,42312.0,1791000.0,42312.0
2009-01-07,42308.0,40563.0,42308.0,40820.0,1383600.0,40820.0
2009-01-08,41991.0,40251.0,40819.0,41991.0,1556000.0,41991.0
2009-01-09,42525.0,41181.0,41992.0,41583.0,1573400.0,41583.0
2009-01-12,41585.0,39345.0,41585.0,39403.0,1554600.0,39403.0
2009-01-13,40323.0,38623.0,39397.0,39544.0,1798400.0,39544.0
2009-01-14,39570.0,37658.0,39537.0,37982.0,2198400.0,37982.0
2009-01-15,39197.0,36806.0,37993.0,39151.0,2029400.0,39151.0
2009-01-16,39904.0,38578.0,39149.0,39342.0,1734200.0,39342.0
2009-01-19,39570.0,38700.0,39351.0,38828.0,791000.0,38828.0
2009-01-20,39174.0,37272.0,38828.0,37272.0,1417800.0,37272.0
2009-01-21,38543.0,37279.0,37279.0,38543.0,1672000.0,38543.0
2009-01-22,38845.0,37255.0,38543.0,37894.0,1744600.0,37894.0
2009-01-23,38660.0,36744.0,37891.0,38132.0,1433000.0,38132.0
2009-01-26,39065.0,37831.0,38130.0,38509.0,1493800.0,38509.0
2009-01-27,39025.0,38422.0,38511.0,38699.0,1423800.0,38699.0
2009-01-28,40438.0,38704.0,38704.0,40227.0,2132400.0,40227.0
2009-01-29,40229.0,39369.0,40229.0,39638.0,1330400.0,39638.0
2009-01-30,40273.0,39185.0,39637.0,39301.0,1477600.0,39301.0
2009-02-02,39364.0,38453.0,39296.0,38666.0,1334600.0,38666.0
2009-02-03,39765.0,38655.0,38665.0,39747.0,1545000.0,39747.0
2009-02-04,41490.0,39746.0,39746.0,40129.0,2408600.0,40129.0
2009-02-05,41373.0,39791.0,40120.0,41109.0,1932800.0,41109.0
2009-02-06,42873.0,41110.0,41110.0,42756.0,2180000.0,42756.0
2009-02-09,43441.0,41977.0,42755.0,42100.0,1749400.0,42100.0
2009-02-10,42819.0,40960.0,42101.0,41207.0,2280000.0,41207.0
2009-02-11,42032.0,40286.0,41207.0,40846.0,1673400.0,40846.0
2009-02-12,41082.0,39992.0,40827.0,40501.0,1782200.0,40501.0
2009-02-13,41833.0,40512.0,40512.0,41674.0,1445400.0,41674.0
2009-02-16,41841.0,41026.0,41672.0,41841.0,1088600.0,41841.0
2009-02-17,41838.0,39817.0,41838.0,39847.0,1729800.0,39847.0
2009-02-18,40434.0,39209.0,39848.0,39674.0,1654400.0,39674.0
2009-02-19,40433.0,39630.0,39675.0,39730.0,1162600.0,39730.0
2009-02-20,39725.0,38103.0,39725.0,38715.0,1711600.0,38715.0
2009-02-25,38933.0,37694.0,38712.0,38232.0,1216400.0,38232.0
2009-02-26,39219.0,38180.0,38234.0,38180.0,1520800.0,38180.0
2009-02-27,38801.0,37324.0,38178.0,38183.0,1654000.0,38183.0
2009-03-02,38180.0,36196.0,38180.0,36235.0,1728000.0,36235.0
2009-03-03,37085.0,35722.0,36236.0,36468.0,1731400.0,36468.0
2009-03-04,38554.0,36468.0,36468.0,38402.0,1796200.0,38402.0
2009-03-05,38391.0,36973.0,38391.0,37369.0,1354600.0,37369.0
2009-03-06,38309.0,36476.0,37367.0,37105.0,1481200.0,37105.0
2009-03-09,37464.0,36392.0,37103.0,36741.0,1067400.0,36741.0
2009-03-10,38804.0,36745.0,36745.0,38795.0,1788200.0,38795.0
2009-03-11,39310.0,38238.0,38795.0,38805.0,1401200.0,38805.0
2009-03-12,39304.0,38286.0,38806.0,39152.0,1631800.0,39152.0
2009-03-13,39707.0,38580.0,39152.0,39015.0,1595200.0,39015.0
2009-03-16,39713.0,38467.0,39018.0,38607.0,1526800.0,38607.0
2009-03-17,39511.0,38080.0,38608.0,39511.0,1456800.0,39511.0
2009-03-18,40551.0,38850.0,39508.0,40142.0,1731800.0,40142.0
2009-03-19,41137.0,40146.0,40146.0,40453.0,1902800.0,40453.0
2009-03-20,41053.0,40076.0,40453.0,40076.0,1394200.0,40076.0
2009-03-23,42509.0,40077.0,40077.0,42439.0,1883400.0,42439.0
2009-03-24,42439.0,41476.0,42439.0,41476.0,1826200.0,41476.0
2009-03-25,42623.0,41114.0,41478.0,41799.0,1956400.0,41799.0
2009-03-26,42680.0,41801.0,41801.0,42589.0,1640400.0,42589.0
2009-03-27,42589.0,41586.0,42589.0,41907.0,1342000.0,41907.0
2009-03-30,41909.0,40351.0,41909.0,40653.0,1508600.0,40653.0
2009-03-31,41610.0,40661.0,40661.0,40926.0,1591200.0,40926.0
2009-04-01,42005.0,40256.0,40918.0,41976.0,1671600.0,41976.0
2009-04-02,44286.0,41977.0,41977.0,43736.0,2363600.0,43736.0
2009-04-03,44610.0,43520.0,43738.0,44391.0,1882800.0,44391.0
2009-04-06,44385.0,43429.0,44385.0,44167.0,1466200.0,44167.0
2009-04-07,44471.0,43593.0,44163.0,43825.0,1707600.0,43825.0
2009-04-08,44390.0,43706.0,43828.0,44182.0,1782400.0,44182.0
2009-04-09,45702.0,44183.0,44183.0,45539.0,1923800.0,45539.0
2009-04-13,46179.0,45226.0,45536.0,45992.0,1552600.0,45992.0
2009-04-14,46591.0,45284.0,45989.0,45418.0,2127600.0,45418.0
2009-04-15,45453.0,44811.0,45420.0,45273.0,1758000.0,45273.0
2009-04-16,46211.0,45277.0,45277.0,46025.0,1770800.0,46025.0
2009-04-17,46187.0,45723.0,46018.0,45778.0,1465600.0,45778.0
2009-04-20,45778.0,44275.0,45778.0,44433.0,1272800.0,44433.0
2009-04-22,45369.0,44434.0,44434.0,44888.0,1364400.0,44888.0
2009-04-23,45804.0,44888.0,44888.0,45801.0,1243600.0,45801.0
2009-04-24,46946.0,45801.0,45801.0,46772.0,1528400.0,46772.0
2009-04-27,46772.0,45662.0,46772.0,45820.0,1687400.0,45820.0
2009-04-28,46138.0,44966.0,45819.0,45821.0,1792400.0,45821.0
2009-04-29,47410.0,45825.0,45825.0,47227.0,2053400.0,47227.0
2009-04-30,48126.0,47235.0,47235.0,47290.0,2136000.0,47290.0
2009-05-04,50405.0,47290.0,47290.0,50405.0,2502000.0,50405.0
2009-05-05,50909.0,50013.0,50404.0,50670.0,1945400.0,50670.0
2009-05-06,52096.0,50672.0,50675.0,51499.0,2468600.0,51499.0
2009-05-07,52079.0,49743.0,51499.0,50058.0,2030200.0,50058.0
2009-05-08,51396.0,50051.0,50066.0,51396.0,1692800.0,51396.0
2009-05-11,51389.0,50060.0,51389.0,50976.0,1285600.0,50976.0
2009-05-12,51565.0,49808.0,50980.0,50326.0,1852000.0,50326.0
2009-05-13,50317.0,48430.0,50317.0,48679.0,1712200.0,48679.0
2009-05-14,49461.0,48284.0,48671.0,49446.0,1416200.0,49446.0
2009-05-15,49552.0,48796.0,49447.0,49007.0,1508800.0,49007.0
2009-05-18,51490.0,49012.0,49012.0,51463.0,1731600.0,51463.0
2009-05-19,52145.0,50987.0,51465.0,51347.0,2003200.0,51347.0
2009-05-20,52640.0,51143.0,51349.0,51245.0,2062000.0,51245.0
2009-05-21,51244.0,49565.0,51244.0,50087.0,1681000.0,50087.0
2009-05-22,50893.0,49989.0,50089.0,50568.0,1308800.0,50568.0
2009-05-25,50969.0,50558.0,50558.0,50816.0,491000.0,50816.0
2009-05-26,51934.0,50074.0,50817.0,51841.0,1456600.0,51841.0
2009-05-27,53092.0,51637.0,51840.0,51792.0,1731400.0,51792.0
2009-05-28,53041.0,51795.0,51795.0,53041.0,1518800.0,53041.0
2009-05-29,53806.0,52432.0,53047.0,53198.0,2841400.0,53198.0
2009-06-01,54857.0,53202.0,53202.0,54486.0,1803000.0,54486.0
2009-06-02,54955.0,53850.0,54486.0,54000.0,1919000.0,54000.0
2009-06-03,54001.0,51643.0,53999.0,52087.0,2037400.0,52087.0
2009-06-04,53464.0,51745.0,52094.0,53464.0,1398400.0,53464.0
2009-06-05,54627.0,53050.0,53474.0,53341.0,1442200.0,53341.0
2009-06-08,53905.0,52483.0,53340.0,53630.0,1184800.0,53630.0
2009-06-09,54102.0,52845.0,53633.0,53157.0,1228400.0,53157.0
2009-06-10,54048.0,52819.0,53159.0,53411.0,1437800.0,53411.0
2009-06-12,53936.0,53143.0,53411.0,53558.0,1421800.0,53558.0
2009-06-15,53558.0,51252.0,53558.0,52034.0,1662800.0,52034.0
2009-06-16,52494.0,51166.0,52035.0,51206.0,1328600.0,51206.0
2009-06-17,51197.0,50265.0,51197.0,51046.0,1638000.0,51046.0
2009-06-18,51275.0,50510.0,51050.0,50903.0,1165000.0,50903.0
2009-06-19,51665.0,50908.0,50908.0,51374.0,1225000.0,51374.0
2009-06-22,51367.0,49411.0,51367.0,49495.0,1602000.0,49495.0
2009-06-23,49902.0,49130.0,49496.0,49814.0,1395200.0,49814.0
2009-06-24,50758.0,49520.0,49819.0,49672.0,1370200.0,49672.0
2009-06-25,51515.0,49327.0,49668.0,51515.0,1591600.0,51515.0
2009-06-26,51935.0,51341.0,51517.0,51486.0,1220400.0,51486.0
2009-06-29,52275.0,51488.0,51488.0,52138.0,1052800.0,52138.0
2009-06-30,52435.0,51102.0,52143.0,51465.0,1321200.0,51465.0
2009-07-01,52383.0,51464.0,51464.0,51544.0,1371200.0,51544.0
2009-07-02,51538.0,50608.0,51538.0,51025.0,1006400.0,51025.0
2009-07-03,51167.0,50915.0,51026.0,50935.0,487800.0,50935.0
2009-07-06,50932.0,49691.0,50932.0,50622.0,1377800.0,50622.0
2009-07-07,50621.0,49400.0,50619.0,49457.0,1637400.0,49457.0
2009-07-08,49846.0,48456.0,49460.0,49178.0,1545600.0,49178.0
2009-07-10,49326.0,48714.0,49175.0,49221.0,1038800.0,49221.0
2009-07-13,49644.0,48262.0,49221.0,49187.0,1331400.0,49187.0
2009-07-14,49647.0,48573.0,49186.0,48873.0,1431200.0,48873.0
2009-07-15,51488.0,48876.0,48876.0,51297.0,1885000.0,51297.0
2009-07-16,52338.0,50703.0,51292.0,51918.0,1547400.0,51918.0
2009-07-17,52352.0,51736.0,51918.0,52072.0,1232200.0,52072.0
2009-07-20,53262.0,52073.0,52073.0,53155.0,1498200.0,53155.0
2009-07-21,53716.0,52520.0,53155.0,53234.0,1396200.0,53234.0
2009-07-22,53664.0,52543.0,53232.0,53073.0,1360000.0,53073.0
2009-07-23,54629.0,53065.0,53074.0,54249.0,2061200.0,54249.0
2009-07-24,54600.0,54037.0,54249.0,54457.0,1131800.0,54457.0
2009-07-27,54886.0,53943.0,54458.0,54549.0,1108600.0,54549.0
2009-07-28,54547.0,53779.0,54547.0,54472.0,1304800.0,54472.0
2009-07-29,54470.0,53256.0,54470.0,53735.0,1231600.0,53735.0
2009-07-30,55083.0,53735.0,53735.0,54478.0,1248200.0,54478.0
2009-07-31,54980.0,54206.0,54474.0,54766.0,1225200.0,54766.0
2009-08-03,56200.0,54766.0,54766.0,55998.0,1256400.0,55998.0
2009-08-04,56656.0,55727.0,55998.0,56038.0,1512800.0,56038.0
2009-08-05,56586.0,55407.0,56041.0,56384.0,1241000.0,56384.0
2009-08-06,56780.0,55361.0,56385.0,55755.0,1333400.0,55755.0
2009-08-07,56644.0,55758.0,55758.0,56330.0,1259200.0,56330.0
2009-08-10,56830.0,56151.0,56329.0,56830.0,1191200.0,56830.0
2009-08-11,56816.0,55568.0,56816.0,55761.0,1406600.0,55761.0
2009-08-12,56696.0,55714.0,55761.0,56588.0,1659800.0,56588.0
2009-08-13,57367.0,56533.0,56588.0,57048.0,1511400.0,57048.0
2009-08-14,57190.0,55979.0,57048.0,56638.0,1496800.0,56638.0
2009-08-17,56636.0,54881.0,56636.0,55218.0,1402000.0,55218.0
2009-08-18,55891.0,55216.0,55219.0,55749.0,1129400.0,55749.0
2009-08-19,56212.0,54918.0,55748.0,56156.0,1279200.0,56156.0
2009-08-20,56897.0,56143.0,56173.0,56831.0,1070200.0,56831.0
2009-08-21,57782.0,56836.0,56836.0,57729.0,1240400.0,57729.0
2009-08-24,58634.0,57698.0,57731.0,57775.0,1428000.0,57775.0
2009-08-25,58311.0,57401.0,57778.0,57421.0,1251200.0,57421.0
2009-08-26,57791.0,57106.0,57425.0,57766.0,1237600.0,57766.0
2009-08-27,57878.0,56845.0,57769.0,57704.0,1345200.0,57704.0
2009-08-28,58136.0,57344.0,57704.0,57701.0,1176200.0,57701.0
2009-08-31,57698.0,56170.0,57698.0,56489.0,1504200.0,56489.0
2009-09-01,57002.0,55764.0,56489.0,55815.0,1443600.0,55815.0
2009-09-02,55948.0,55386.0,55813.0,55386.0,1644400.0,55386.0
2009-09-03,55888.0,55339.0,55389.0,55707.0,1272200.0,55707.0
2009-09-04,56729.0,55656.0,55707.0,56652.0,1198000.0,56652.0
2009-09-08,57855.0,56655.0,56655.0,57855.0,1375000.0,57855.0
2009-09-09,58089.0,57534.0,57844.0,57910.0,1357800.0,57910.0
2009-09-10,58538.0,57615.0,57908.0,58536.0,1401400.0,58536.0
2009-09-11,58834.0,58145.0,58537.0,58366.0,1119800.0,58366.0
2009-09-14,58868.0,57753.0,58363.0,58868.0,990600.0,58868.0
2009-09-15,59401.0,58691.0,58868.0,59264.0,1128800.0,59264.0
2009-09-16,60526.0,59265.0,59265.0,60411.0,1810800.0,60411.0
2009-09-17,61027.0,60116.0,60409.0,60236.0,1594200.0,60236.0
2009-09-18,60710.0,60158.0,60236.0,60703.0,1290400.0,60703.0
2009-09-21,61066.0,60014.0,60703.0,60928.0,1358600.0,60928.0
2009-09-22,62017.0,60938.0,60938.0,61493.0,1587200.0,61493.0
2009-09-23,61630.0,60478.0,61489.0,60496.0,1521000.0,60496.0
2009-09-24,60978.0,59600.0,60496.0,60046.0,1312000.0,60046.0
2009-09-25,60472.0,59755.0,60045.0,60356.0,989800.0,60356.0
2009-09-28,61317.0,60357.0,60357.0,61317.0,955800.0,61317.0
2009-09-29,61599.0,60750.0,61316.0,61235.0,1175400.0,61235.0
2009-09-30,61926.0,60978.0,61241.0,61518.0,1544800.0,61518.0
2009-10-01,61519.0,60306.0,61519.0,60459.0,1401200.0,60459.0
2009-10-02,61333.0,59678.0,60453.0,61172.0,1736000.0,61172.0
2009-10-05,62460.0,61178.0,61178.0,62369.0,1335400.0,62369.0
2009-10-06,63291.0,62002.0,62378.0,62671.0,1665600.0,62671.0
2009-10-07,63015.0,62104.0,62666.0,62638.0,1413600.0,62638.0
2009-10-08,63816.0,62640.0,62640.0,63760.0,1766000.0,63760.0
2009-10-09,64177.0,63493.0,63772.0,64071.0,1153000.0,64071.0
2009-10-13,64646.0,63967.0,64075.0,64646.0,1190600.0,64646.0
2009-10-14,66393.0,64653.0,64653.0,66201.0,2096400.0,66201.0
2009-10-15,66703.0,65837.0,66199.0,66703.0,1328400.0,66703.0
2009-10-16,66703.0,65499.0,66703.0,66200.0,1484600.0,66200.0
2009-10-19,67530.0,66194.0,66200.0,67239.0,1402200.0,67239.0
2009-10-20,67231.0,64076.0,67231.0,65303.0,2649200.0,65303.0
2009-10-21,67157.0,65221.0,65302.0,65486.0,1792600.0,65486.0
2009-10-22,66502.0,65454.0,65490.0,66135.0,1273200.0,66135.0
2009-10-23,66982.0,64988.0,66144.0,65059.0,1393800.0,65059.0
2009-10-26,65901.0,64501.0,65056.0,65086.0,1380400.0,65086.0
2009-10-27,65498.0,63161.0,65090.0,63161.0,1499200.0,63161.0
2009-10-28,63173.0,60146.0,63161.0,60162.0,2238800.0,60162.0
2009-10-29,63907.0,60167.0,60167.0,63721.0,1747800.0,63721.0
2009-10-30,64226.0,60913.0,63721.0,61546.0,1996200.0,61546.0
2009-11-03,63237.0,60724.0,61539.0,62643.0,1902600.0,62643.0
2009-11-04,64142.0,62650.0,62650.0,63913.0,1891200.0,63913.0
2009-11-05,64830.0,63700.0,63907.0,64816.0,1575600.0,64816.0
2009-11-06,65094.0,63587.0,64820.0,64466.0,1659000.0,64466.0
2009-11-09,66236.0,64475.0,64475.0,66214.0,1599800.0,66214.0
2009-11-10,66709.0,65706.0,66214.0,66303.0,1652000.0,66303.0
2009-11-11,67170.0,66028.0,66303.0,66431.0,1807800.0,66431.0
2009-11-12,66614.0,64319.0,66427.0,64448.0,1914400.0,64448.0
2009-11-13,65788.0,64229.0,64452.0,65326.0,1859000.0,65326.0
2009-11-16,66896.0,65326.0,65326.0,66627.0,1757800.0,66627.0
2009-11-17,67409.0,66232.0,66632.0,67406.0,1733800.0,67406.0
2009-11-18,68060.0,66494.0,67430.0,66516.0,1592000.0,66516.0
2009-11-19,66564.0,65547.0,66514.0,66327.0,1467000.0,66327.0
2009-11-23,67365.0,66335.0,66335.0,66809.0,1582600.0,66809.0
2009-11-24,67317.0,65969.0,66812.0,67317.0,1348000.0,67317.0
2009-11-25,67997.0,67241.0,67319.0,67917.0,1385400.0,67917.0
2009-11-26,67911.0,66236.0,67911.0,66392.0,825600.0,66392.0
2009-11-27,67086.0,65737.0,66371.0,67082.0,1172000.0,67082.0
2009-11-30,67545.0,66876.0,67082.0,67044.0,2224800.0,67044.0
2009-12-01,68616.0,67051.0,67051.0,68546.0,2326400.0,68546.0
2009-12-02,69139.0,68412.0,68412.0,68615.0,1362000.0,68615.0
2009-12-03,69336.0,68308.0,68622.0,68315.0,1223400.0,68315.0
2009-12-04,69361.0,67328.0,68316.0,67604.0,1410600.0,67604.0
2009-12-07,68866.0,67611.0,67611.0,68512.0,1186200.0,68512.0
2009-12-08,68511.0,67470.0,68511.0,67729.0,1550000.0,67729.0
2009-12-09,68272.0,67484.0,67736.0,68012.0,1141400.0,68012.0
2009-12-10,68912.0,68021.0,68021.0,68728.0,1473200.0,68728.0
2009-12-11,69502.0,68750.0,68750.0,69267.0,1489600.0,69267.0
2009-12-14,69785.0,69193.0,69273.0,69349.0,1294000.0,69349.0
2009-12-15,69515.0,68822.0,69345.0,69311.0,1284200.0,69311.0
2009-12-16,69622.0,68466.0,69310.0,68622.0,1710000.0,68622.0
2009-12-17,68619.0,66792.0,68619.0,67068.0,1339400.0,67068.0
2009-12-18,67281.0,66322.0,67068.0,66794.0,1075200.0,66794.0
2009-12-21,67671.0,65925.0,66806.0,65925.0,1406000.0,65925.0
2009-12-22,67421.0,65940.0,65940.0,67418.0,1272600.0,67418.0
2009-12-23,67810.0,66943.0,67418.0,67589.0,904400.0,67589.0
2009-12-28,68277.0,67591.0,67591.0,67902.0,556400.0,67902.0
2009-12-29,68309.0,67902.0,67902.0,68296.0,669200.0,68296.0
2009-12-30,68588.0,67749.0,68277.0,68588.0,1182200.0,68588.0
2010-01-04,70081.0,68587.0,68587.0,70045.0,1655400.0,70045.0
2010-01-05,70595.0,69928.0,70046.0,70240.0,1984200.0,70240.0
2010-01-06,70937.0,70016.0,70237.0,70729.0,2243600.0,70729.0
2010-01-07,70723.0,70045.0,70723.0,70451.0,1555000.0,70451.0
2010-01-08,70766.0,70158.0,70455.0,70263.0,1634400.0,70263.0
2010-01-11,71068.0,70158.0,70267.0,70433.0,1569000.0,70433.0
2010-01-12,70429.0,69284.0,70429.0,70076.0,1628600.0,70076.0
2010-01-13,70626.0,69535.0,70081.0,70385.0,1818800.0,70385.0
2010-01-14,70508.0,69661.0,70377.0,69801.0,1830200.0,69801.0
2010-01-15,69788.0,68695.0,69780.0,68978.0,1648400.0,68978.0
2010-01-18,69748.0,68983.0,68983.0,69401.0,1139000.0,69401.0
2010-01-19,70036.0,68867.0,69396.0,69909.0,1323400.0,69909.0
2010-01-20,69901.0,67546.0,69901.0,68200.0,1990600.0,68200.0
2010-01-21,68458.0,65996.0,68200.0,66270.0,2263800.0,66270.0
2010-01-22,66660.0,65445.0,66264.0,66220.0,1305000.0,66220.0
2010-01-26,66213.0,64719.0,66213.0,65524.0,1990400.0,65524.0
2010-01-27,65663.0,64553.0,65527.0,65070.0,1813600.0,65070.0
2010-01-28,66049.0,64541.0,65071.0,65588.0,1649400.0,65588.0
2010-01-29,66576.0,65140.0,65591.0,65402.0,1823200.0,65402.0
2010-02-01,66763.0,65362.0,65402.0,66572.0,1494400.0,66572.0
2010-02-02,67321.0,66539.0,66589.0,67163.0,1587800.0,67163.0
2010-02-03,67347.0,66774.0,67163.0,67109.0,1765000.0,67109.0
2010-02-04,67100.0,63750.0,67100.0,63934.0,2262400.0,63934.0
2010-02-05,64001.0,61341.0,63934.0,62763.0,3053000.0,62763.0
2010-02-08,63923.0,62728.0,62760.0,63153.0,1875600.0,63153.0
2010-02-09,65526.0,63164.0,63164.0,64718.0,1357400.0,64718.0
2010-02-10,65170.0,64320.0,64721.0,65051.0,891000.0,65051.0
2010-02-11,66145.0,64344.0,65050.0,66129.0,1259000.0,66129.0
2010-02-12,66133.0,65123.0,66129.0,65855.0,873200.0,65855.0
2010-02-17,67542.0,65863.0,65863.0,67285.0,0.0,67285.0
2010-02-18,67836.0,66550.0,67285.0,67836.0,1286600.0,67836.0
2010-02-19,67935.0,67210.0,67811.0,67597.0,1248000.0,67597.0
2010-02-22,68120.0,67035.0,67598.0,67184.0,1401600.0,67184.0
2010-02-23,67179.0,65660.0,67179.0,66108.0,1644800.0,66108.0
2010-02-24,66514.0,65534.0,66110.0,65795.0,1573000.0,65795.0
2010-02-25,66325.0,64429.0,65765.0,66121.0,1792200.0,66121.0
2010-02-26,66510.0,65607.0,66118.0,66503.0,1731400.0,66503.0
2010-03-01,67397.0,66511.0,66511.0,67228.0,1363000.0,67228.0
2010-03-02,68250.0,67228.0,67228.0,67779.0,1708600.0,67779.0
2010-03-03,68813.0,67482.0,67780.0,67641.0,2113800.0,67641.0
2010-03-04,68198.0,66924.0,67643.0,67815.0,1398600.0,67815.0
2010-03-05,68930.0,67823.0,67823.0,68847.0,1950600.0,68847.0
2010-03-08,69070.0,68318.0,68851.0,68575.0,1428200.0,68575.0
2010-03-09,70144.0,68255.0,68573.0,69576.0,2464200.0,69576.0
2010-03-10,70476.0,69578.0,69578.0,69979.0,1909200.0,69979.0
2010-03-11,70183.0,69411.0,69981.0,69885.0,1627200.0,69885.0
2010-03-12,70486.0,69341.0,69901.0,69341.0,1569000.0,69341.0
2010-03-15,69384.0,68623.0,69340.0,69024.0,1453000.0,69024.0
2010-03-16,69949.0,69022.0,69023.0,69942.0,1302400.0,69942.0
2010-03-17,70424.0,69376.0,69945.0,69723.0,1372000.0,69723.0
2010-03-18,70128.0,68972.0,69726.0,69697.0,1656200.0,69697.0
2010-03-19,69998.0,68773.0,69701.0,68829.0,1957400.0,68829.0
2010-03-22,69121.0,67899.0,68814.0,69042.0,1395200.0,69042.0
2010-03-23,69613.0,68913.0,69049.0,69387.0,1606600.0,69387.0
2010-03-24,69677.0,68744.0,69382.0,68913.0,1597400.0,68913.0
2010-03-25,69572.0,68377.0,68916.0,68442.0,1478400.0,68442.0
2010-03-26,68910.0,68024.0,68442.0,68683.0,1771400.0,68683.0
2010-03-29,69943.0,68681.0,68681.0,69939.0,1528000.0,69939.0
2010-03-30,70451.0,69750.0,69942.0,69960.0,1490000.0,69960.0
2010-03-31,70392.0,69573.0,69960.0,70372.0,1676800.0,70372.0
2010-04-01,71401.0,70373.0,70375.0,71136.0,1552800.0,71136.0
2010-04-05,71645.0,71148.0,71148.0,71290.0,1316000.0,71290.0
2010-04-06,71711.0,70823.0,71290.0,71096.0,1697000.0,71096.0
2010-04-07,71257.0,70531.0,71092.0,70793.0,1720400.0,70793.0
2010-04-08,71805.0,70462.0,70793.0,71785.0,1701800.0,71785.0
2010-04-09,71989.0,71307.0,71783.0,71417.0,1680000.0,71417.0
2010-04-12,71607.0,70505.0,71414.0,70614.0,1471600.0,70614.0
2010-04-13,71053.0,70169.0,70618.0,70792.0,1634200.0,70792.0
2010-04-14,71207.0,70628.0,70794.0,71035.0,1758800.0,71035.0
2010-04-15,71066.0,70429.0,71036.0,70524.0,2264600.0,70524.0
2010-04-16,70522.0,69013.0,70522.0,69421.0,2043800.0,69421.0
2010-04-19,69431.0,68378.0,69418.0,69098.0,1722000.0,69098.0
2010-04-20,69702.0,69101.0,69101.0,69318.0,1750200.0,69318.0
2010-04-22,69528.0,68081.0,69313.0,69386.0,1787200.0,69386.0
2010-04-23,69709.0,68832.0,69388.0,69509.0,1366800.0,69509.0
2010-04-26,69810.0,68813.0,69509.0,68872.0,1179400.0,68872.0
2010-04-27,68868.0,66499.0,68868.0,66511.0,2062200.0,66511.0
2010-04-28,67253.0,65914.0,66513.0,66656.0,1855600.0,66656.0
2010-04-29,68012.0,66661.0,66661.0,67978.0,1609400.0,67978.0
2010-04-30,67975.0,67243.0,67975.0,67530.0,2120200.0,67530.0
2010-05-03,67969.0,66723.0,67534.0,67119.0,1776000.0,67119.0
2010-05-04,67116.0,64588.0,67116.0,64869.0,2820000.0,64869.0
2010-05-05,65612.0,63533.0,64859.0,64914.0,2681200.0,64914.0
2010-05-06,65533.0,60774.0,64915.0,63414.0,3207600.0,63414.0
2010-05-07,63945.0,61663.0,63416.0,62871.0,2903400.0,62871.0
2010-05-10,66083.0,62872.0,62872.0,65453.0,2377400.0,65453.0
2010-05-11,65733.0,64425.0,65449.0,64425.0,2401600.0,64425.0
2010-05-12,65351.0,64438.0,64438.0,65224.0,1981400.0,65224.0
2010-05-13,65427.0,64738.0,65223.0,64788.0,1798200.0,64788.0
2010-05-14,64787.0,63050.0,64787.0,63412.0,2220800.0,63412.0
2010-05-17,63593.0,61825.0,63406.0,62866.0,2746000.0,62866.0
2010-05-18,63529.0,60810.0,62871.0,60841.0,2787000.0,60841.0
2010-05-19,60850.0,59068.0,60841.0,59689.0,3203000.0,59689.0
2010-05-20,59684.0,57634.0,59684.0,58192.0,3369200.0,58192.0
2010-05-21,60303.0,57997.0,58192.0,60259.0,2558200.0,60259.0
2010-05-24,60850.0,59815.0,60255.0,59915.0,1792600.0,59915.0
2010-05-25,59912.0,57876.0,59912.0,59184.0,2477800.0,59184.0
2010-05-26,60701.0,59179.0,59182.0,60190.0,3638600.0,60190.0
2010-05-27,62262.0,60189.0,60191.0,62092.0,2388000.0,62092.0
2010-05-28,62247.0,61305.0,62080.0,61947.0,2081600.0,61947.0
2010-05-31,63047.0,61950.0,61950.0,63047.0,1197600.0,63047.0
2010-06-01,63033.0,61605.0,63033.0,61841.0,2253800.0,61841.0
2010-06-02,63198.0,61814.0,61836.0,62943.0,1878400.0,62943.0
2010-06-04,62940.0,61422.0,62940.0,61676.0,1691000.0,61676.0
2010-06-07,62119.0,61099.0,61675.0,61183.0,1627000.0,61183.0
2010-06-08,62000.0,61187.0,61187.0,61856.0,1605200.0,61856.0
2010-06-09,62684.0,61479.0,61799.0,61479.0,1736400.0,61479.0
2010-06-10,63146.0,61484.0,61484.0,63049.0,1717000.0,63049.0
2010-06-11,63766.0,62371.0,63044.0,63605.0,1345800.0,63605.0
2010-06-14,64296.0,63529.0,63613.0,63533.0,1793600.0,63533.0
2010-06-15,64554.0,63534.0,63534.0,64442.0,1267200.0,64442.0
2010-06-16,65097.0,63974.0,64442.0,64751.0,2441000.0,64751.0
2010-06-17,65182.0,64115.0,64745.0,64541.0,1888800.0,64541.0
2010-06-18,64941.0,64239.0,64542.0,64438.0,1871800.0,64438.0
2010-06-21,65517.0,64442.0,64442.0,64829.0,1623000.0,64829.0
2010-06-22,65831.0,64690.0,64834.0,64811.0,1931800.0,64811.0
2010-06-23,65161.0,64247.0,64812.0,65160.0,1762200.0,65160.0
2010-06-24,65154.0,63736.0,65154.0,63937.0,1786400.0,63937.0
2010-06-25,64869.0,63806.0,63937.0,64824.0,1257200.0,64824.0
2010-06-28,65105.0,64225.0,64825.0,64225.0,943200.0,64225.0
2010-06-29,64216.0,61670.0,64216.0,61978.0,2196000.0,61978.0
2010-06-30,62645.0,60936.0,61972.0,60936.0,1958400.0,60936.0
2010-07-01,61381.0,60056.0,60935.0,61236.0,2130000.0,61236.0
2010-07-02,61812.0,60764.0,61236.0,61430.0,1143800.0,61430.0
2010-07-05,61667.0,60796.0,61436.0,60865.0,760000.0,60865.0
2010-07-06,62451.0,60870.0,60870.0,62065.0,1786600.0,62065.0
2010-07-07,63313.0,62004.0,62067.0,63284.0,1732200.0,63284.0
2010-07-08,63596.0,62895.0,63282.0,63476.0,1658000.0,63476.0
2010-07-12,63972.0,62750.0,63477.0,62960.0,1229000.0,62960.0
2010-07-13,63777.0,62964.0,62964.0,63686.0,1583800.0,63686.0
2010-07-14,63688.0,63015.0,63686.0,63479.0,1450400.0,63479.0
2010-07-15,63612.0,62960.0,63482.0,63489.0,1564800.0,63489.0
2010-07-16,63492.0,62298.0,63487.0,62339.0,1326400.0,62339.0
2010-07-19,63300.0,62351.0,62351.0,63297.0,1276400.0,63297.0
2010-07-20,64481.0,62902.0,63290.0,64463.0,2429400.0,64463.0
2010-07-21,65136.0,64209.0,64468.0,64477.0,1821800.0,64477.0
2010-07-22,66213.0,64504.0,64504.0,65748.0,2320600.0,65748.0
2010-07-23,66323.0,65427.0,65748.0,66323.0,1540000.0,66323.0
2010-07-26,66619.0,66151.0,66322.0,66443.0,1234400.0,66443.0
2010-07-27,67102.0,66293.0,66449.0,66674.0,1601800.0,66674.0
2010-07-28,67051.0,66427.0,66670.0,66808.0,1939400.0,66808.0
2010-07-29,67428.0,66596.0,66796.0,66954.0,2160200.0,66954.0
2010-07-30,67608.0,66218.0,66951.0,67515.0,2088400.0,67515.0
2010-08-02,68754.0,67524.0,67524.0,68517.0,1766600.0,68517.0
2010-08-03,68561.0,67942.0,68517.0,67997.0,1900000.0,67997.0
2010-08-04,68534.0,67577.0,67996.0,68272.0,1875200.0,68272.0
2010-08-05,68471.0,68002.0,68271.0,68412.0,1611600.0,68412.0
2010-08-06,68509.0,67686.0,68416.0,68095.0,1513200.0,68095.0
2010-08-09,68513.0,67749.0,68096.0,67862.0,1254800.0,67862.0
2010-08-10,67836.0,66946.0,67836.0,67223.0,1625400.0,67223.0
2010-08-11,67217.0,65690.0,67217.0,65790.0,1732800.0,65790.0
2010-08-12,66027.0,65257.0,65788.0,65966.0,1546600.0,65966.0
2010-08-13,66590.0,65921.0,65964.0,66264.0,1841200.0,66264.0
2010-08-16,66868.0,66187.0,66260.0,66702.0,1394800.0,66702.0
2010-08-17,67666.0,66702.0,66702.0,67584.0,1747000.0,67584.0
2010-08-18,67745.0,67006.0,67584.0,67638.0,2367000.0,67638.0
2010-08-19,67713.0,66824.0,67641.0,66887.0,1920000.0,66887.0
2010-08-20,66892.0,66337.0,66892.0,66677.0,1414600.0,66677.0
2010-08-23,67175.0,65982.0,66678.0,65982.0,1379600.0,65982.0
2010-08-24,65946.0,65013.0,65946.0,65156.0,1604200.0,65156.0
2010-08-25,65156.0,64164.0,65156.0,64803.0,1753000.0,64803.0
2010-08-26,65271.0,63804.0,64802.0,63867.0,1773400.0,63867.0
2010-08-27,65589.0,63848.0,63875.0,65585.0,1764000.0,65585.0
2010-08-30,65585.0,64255.0,65585.0,64261.0,1286400.0,64261.0
2010-08-31,65182.0,64202.0,64262.0,65145.0,3284800.0,65145.0
2010-09-01,67073.0,65154.0,65154.0,67073.0,2509000.0,67073.0
2010-09-02,67168.0,66405.0,67073.0,66808.0,1601200.0,66808.0
2010-09-03,67673.0,66541.0,66812.0,66679.0,2019200.0,66679.0
2010-09-06,66949.0,66380.0,66679.0,66747.0,651400.0,66747.0
2010-09-08,66739.0,66101.0,66739.0,66407.0,1716000.0,66407.0
2010-09-09,66807.0,66353.0,66411.0,66624.0,1438800.0,66624.0
2010-09-10,66920.0,66459.0,66622.0,66807.0,1561000.0,66807.0
2010-09-13,68142.0,66807.0,66807.0,68031.0,2144400.0,68031.0
2010-09-14,68093.0,67561.0,68030.0,67692.0,2594000.0,67692.0
2010-09-15,68107.0,67119.0,67690.0,68107.0,2234200.0,68107.0
2010-09-16,68103.0,67507.0,68103.0,67663.0,1464400.0,67663.0
2010-09-17,67773.0,66993.0,67665.0,67089.0,1629400.0,67089.0
2010-09-20,68241.0,67009.0,67087.0,68190.0,1775200.0,68190.0
2010-09-21,68255.0,67528.0,68189.0,67719.0,1734000.0,67719.0
2010-09-22,68549.0,67346.0,67711.0,68325.0,2495200.0,68325.0
2010-09-23,69601.0,67892.0,68321.0,68794.0,3305200.0,68794.0
2010-09-24,69571.0,68021.0,68800.0,68196.0,3441000.0,68196.0
2010-09-27,68926.0,68011.0,68197.0,68816.0,2138600.0,68816.0
2010-09-28,69431.0,68455.0,68817.0,69228.0,1851800.0,69228.0
2010-09-29,69420.0,68958.0,69225.0,69228.0,3067200.0,69228.0
2010-09-30,69737.0,68924.0,69230.0,69430.0,2466200.0,69430.0
2010-10-01,70243.0,69228.0,69438.0,70229.0,2452600.0,70229.0
2010-10-04,70551.0,70089.0,70230.0,70385.0,1876800.0,70385.0
2010-10-05,71285.0,70390.0,70390.0,71283.0,2713000.0,71283.0
2010-10-06,71290.0,70343.0,71284.0,70541.0,2780600.0,70541.0
2010-10-07,70739.0,69314.0,70545.0,69918.0,2587200.0,69918.0
2010-10-08,70828.0,69698.0,69921.0,70809.0,2136000.0,70809.0
2010-10-11,71111.0,70810.0,70810.0,70946.0,1169000.0,70946.0
2010-10-13,71995.0,70950.0,70950.0,71675.0,2985000.0,71675.0
2010-10-14,71961.0,71264.0,71676.0,71692.0,2633000.0,71692.0
2010-10-15,72140.0,71351.0,71699.0,71830.0,2015200.0,71830.0
2010-10-18,71884.0,71341.0,71830.0,71736.0,2111600.0,71736.0
2010-10-19,71735.0,69628.0,71735.0,69864.0,2495200.0,69864.0
2010-10-20,70720.0,69814.0,69863.0,70405.0,2407200.0,70405.0
2010-10-21,70958.0,68952.0,70406.0,69652.0,2587800.0,69652.0
2010-10-22,70312.0,68847.0,69658.0,69530.0,2421600.0,69530.0
2010-10-25,70231.0,69451.0,69536.0,69580.0,3836000.0,69580.0
2010-10-26,70834.0,69055.0,69582.0,70740.0,2576800.0,70740.0
2010-10-27,70844.0,70059.0,70735.0,70569.0,2202600.0,70569.0
2010-10-28,71263.0,70234.0,70573.0,70320.0,2230200.0,70320.0
2010-10-29,70776.0,70322.0,70322.0,70673.0,2208800.0,70673.0
2010-11-01,71751.0,70673.0,70686.0,71561.0,1555000.0,71561.0
2010-11-03,72110.0,71510.0,71560.0,71905.0,2145800.0,71905.0
2010-11-04,73103.0,71910.0,71910.0,72996.0,2175800.0,72996.0
2010-11-05,72987.0,72534.0,72987.0,72607.0,1732000.0,72607.0
2010-11-08,72875.0,72336.0,72607.0,72657.0,1077600.0,72657.0
2010-11-09,73045.0,71651.0,72654.0,71679.0,1505000.0,71679.0
2010-11-10,71854.0,70868.0,71674.0,71638.0,0.0,71638.0
2010-11-11,71639.0,70941.0,71639.0,71195.0,1353200.0,71195.0
2010-11-12,71191.0,70004.0,71191.0,70367.0,1188600.0,70367.0
2010-11-16,70364.0,68662.0,70364.0,69192.0,2240800.0,69192.0
2010-11-17,70080.0,69187.0,69189.0,69709.0,0.0,69709.0
2010-11-18,70904.0,69716.0,69716.0,70781.0,1881600.0,70781.0
2010-11-19,70898.0,70236.0,70774.0,70898.0,1506400.0,70898.0
2010-11-22,70898.0,69202.0,70898.0,69633.0,1739200.0,69633.0
2010-11-23,69629.0,67728.0,69629.0,67953.0,2080600.0,67953.0
2010-11-24,69746.0,67955.0,67955.0,69629.0,1990600.0,69629.0
2010-11-25,69780.0,69362.0,69634.0,69362.0,981600.0,69362.0
2010-11-26,69349.0,68219.0,69349.0,68226.0,1564800.0,68226.0
2010-11-29,68422.0,67103.0,68218.0,67908.0,1777800.0,67908.0
2010-11-30,68476.0,67271.0,67901.0,67705.0,2159200.0,67705.0
2010-12-01,69605.0,67731.0,67731.0,69346.0,0.0,69346.0
2010-12-02,69943.0,69219.0,69341.0,69527.0,2111800.0,69527.0
2010-12-03,69963.0,68943.0,69529.0,69766.0,2828000.0,69766.0
2010-12-06,69932.0,69378.0,69759.0,69552.0,0.0,69552.0
2010-12-07,70589.0,69338.0,69563.0,69338.0,0.0,69338.0
2010-12-08,69354.0,68046.0,69338.0,68175.0,2671600.0,68175.0
2010-12-09,68561.0,67563.0,68173.0,67879.0,2447200.0,67879.0
2010-12-10,68514.0,67866.0,67889.0,68342.0,0.0,68342.0
2010-12-13,69221.0,68342.0,68342.0,69126.0,0.0,69126.0
2010-12-14,69127.0,68531.0,69127.0,68743.0,0.0,68743.0
2010-12-15,68741.0,67711.0,68741.0,67870.0,2962400.0,67870.0
2010-12-16,68377.0,67138.0,67875.0,67306.0,2401400.0,67306.0
2010-12-17,67981.0,66948.0,67304.0,67981.0,0.0,67981.0
2010-12-20,68196.0,67264.0,67979.0,67264.0,2352800.0,67264.0
2010-12-21,68461.0,67261.0,67261.0,68215.0,1897400.0,68215.0
2010-12-22,68472.0,67727.0,68218.0,68471.0,1656800.0,68471.0
2010-12-23,68562.0,68250.0,68470.0,68486.0,1229400.0,68486.0
2010-12-27,68476.0,67803.0,68476.0,67803.0,1035400.0,67803.0
2010-12-28,68104.0,67810.0,67810.0,68041.0,0.0,68041.0
2010-12-29,69040.0,68043.0,68043.0,68952.0,1307800.0,68952.0
2010-12-30,69527.0,68940.0,68953.0,69305.0,2102200.0,69305.0
2011-01-03,70471.0,69305.0,69310.0,69962.0,1862400.0,69962.0
2011-01-04,70318.0,69560.0,69962.0,70318.0,2427200.0,70318.0
2011-01-05,71173.0,69802.0,70311.0,71091.0,2309200.0,71091.0
2011-01-06,71167.0,70469.0,71093.0,70579.0,2546000.0,70579.0
2011-01-07,70783.0,69718.0,70580.0,70057.0,1761000.0,70057.0
2011-01-10,70133.0,69666.0,70056.0,70127.0,1610800.0,70127.0
2011-01-11,70647.0,70145.0,70146.0,70423.0,2138000.0,70423.0
2011-01-12,71633.0,70429.0,70429.0,71633.0,2516000.0,71633.0
2011-01-13,71924.0,70719.0,71631.0,70721.0,2237800.0,70721.0
2011-01-14,71184.0,70397.0,70723.0,70940.0,1806600.0,70940.0
2011-01-17,70940.0,70544.0,70940.0,70609.0,1538600.0,70609.0
2011-01-18,71094.0,70612.0,70612.0,70920.0,1877400.0,70920.0
2011-01-19,71190.0,69966.0,70921.0,70058.0,1884800.0,70058.0
2011-01-20,70083.0,69177.0,70056.0,69562.0,2169600.0,69562.0
2011-01-21,70027.0,69095.0,69560.0,69133.0,2071800.0,69133.0
2011-01-24,69513.0,68786.0,69134.0,69427.0,1474400.0,69427.0
2011-01-26,69556.0,68515.0,69427.0,68709.0,2542400.0,68709.0
2011-01-27,69108.0,67775.0,68717.0,68051.0,2304400.0,68051.0
2011-01-28,68182.0,65898.0,68051.0,66698.0,2544000.0,66698.0
2011-01-31,67166.0,66271.0,66697.0,66575.0,2253800.0,66575.0
2011-02-01,67922.0,66575.0,66575.0,67847.0,2114000.0,67847.0
2011-02-02,68012.0,66643.0,67844.0,66688.0,2551400.0,66688.0
2011-02-03,66849.0,66091.0,66688.0,66765.0,2380800.0,66765.0
2011-02-04,66946.0,65160.0,66752.0,65269.0,2676800.0,65269.0
2011-02-07,65893.0,64916.0,65272.0,65362.0,1980400.0,65362.0
2011-02-08,66238.0,65110.0,65359.0,65771.0,2764000.0,65771.0
2011-02-09,65767.0,64016.0,65767.0,64218.0,2811400.0,64218.0
2011-02-10,65106.0,64185.0,64217.0,64578.0,2356400.0,64578.0
2011-02-11,65890.0,64562.0,64582.0,65756.0,2396400.0,65756.0
2011-02-14,66743.0,65462.0,65751.0,66558.0,1945000.0,66558.0
2011-02-15,66861.0,66117.0,66558.0,66341.0,2355400.0,66341.0
2011-02-16,67793.0,66342.0,66342.0,67571.0,2672400.0,67571.0
2011-02-17,67876.0,67107.0,67580.0,67685.0,2147800.0,67685.0
2011-02-18,68226.0,67386.0,67685.0,68067.0,1944000.0,68067.0
2011-02-21,68067.0,67085.0,68067.0,67259.0,1453000.0,67259.0
2011-02-22,67570.0,66342.0,67255.0,66440.0,3045400.0,66440.0
2011-02-23,67266.0,66049.0,66440.0,66910.0,3335000.0,66910.0
2011-02-24,67344.0,66693.0,66909.0,66949.0,2699200.0,66949.0
2011-02-25,67632.0,66331.0,66952.0,66903.0,2394600.0,66903.0
2011-02-28,67458.0,66687.0,66909.0,67383.0,2640400.0,67383.0
2011-03-01,67708.0,66243.0,67381.0,66243.0,2166400.0,66243.0
2011-03-02,67282.0,66101.0,66242.0,67282.0,2518600.0,67282.0
2011-03-03,68188.0,67284.0,67284.0,68146.0,2254600.0,68146.0
2011-03-04,68220.0,67514.0,68138.0,68012.0,1840000.0,68012.0
2011-03-09,68057.0,67109.0,68010.0,67264.0,1407600.0,67264.0
2011-03-10,67256.0,65854.0,67256.0,66041.0,2375000.0,66041.0
2011-03-11,67014.0,65559.0,66041.0,66685.0,2491000.0,66685.0
2011-03-14,67333.0,66088.0,66684.0,67169.0,1874200.0,67169.0
2011-03-15,67168.0,65463.0,67168.0,67005.0,2852200.0,67005.0
2011-03-16,67502.0,65663.0,67011.0,66003.0,3056800.0,66003.0
2011-03-17,66950.0,66015.0,66017.0,66216.0,1985000.0,66216.0
2011-03-18,67384.0,66217.0,66217.0,66880.0,2842800.0,66880.0
2011-03-21,67676.0,66656.0,66887.0,66690.0,2557400.0,66690.0
2011-03-22,67631.0,66531.0,66684.0,67578.0,2357800.0,67578.0
2011-03-23,67918.0,67317.0,67570.0,67796.0,2145600.0,67796.0
2011-03-24,68009.0,67406.0,67799.0,67533.0,1819800.0,67533.0
2011-03-25,68256.0,67497.0,67528.0,67766.0,2223800.0,67766.0
2011-03-28,68070.0,67193.0,67767.0,67193.0,1444400.0,67193.0
2011-03-29,67862.0,67046.0,67194.0,67419.0,1768200.0,67419.0
2011-03-30,68004.0,67423.0,67423.0,67997.0,1859800.0,67997.0
2011-03-31,68606.0,68000.0,68000.0,68587.0,2124400.0,68587.0
2011-04-01,69387.0,68588.0,68588.0,69268.0,2397400.0,69268.0
2011-04-04,69787.0,69270.0,69270.0,69704.0,1200.0,69704.0
2011-04-05,70047.0,69465.0,69704.0,69838.0,0.0,69838.0
2011-04-06,70108.0,68954.0,69841.0,69037.0,0.0,69037.0
2011-04-07,69334.0,68695.0,69040.0,69176.0,0.0,69176.0
2011-04-08,69430.0,68472.0,69180.0,68718.0,2111400.0,68718.0
2011-04-11,69177.0,68029.0,68719.0,68164.0,2173800.0,68164.0
2011-04-12,68153.0,66721.0,68153.0,66896.0,2525800.0,66896.0
2011-04-13,67411.0,66251.0,66909.0,66486.0,2515200.0,66486.0
2011-04-14,67042.0,66090.0,66483.0,66279.0,2259000.0,66279.0
2011-04-15,66765.0,65832.0,66281.0,66684.0,2145800.0,66684.0
2011-04-18,66706.0,65158.0,66689.0,65415.0,3060400.0,65415.0
2011-04-19,66257.0,65417.0,65417.0,66158.0,2214400.0,66158.0
2011-04-20,67077.0,66165.0,66165.0,67058.0,2397400.0,67058.0
2011-04-25,67124.0,66552.0,67058.0,66972.0,1385800.0,66972.0
2011-04-26,67413.0,66722.0,66972.0,67144.0,1726600.0,67144.0
2011-04-27,67228.0,65885.0,67143.0,66264.0,2151200.0,66264.0
2011-04-28,66249.0,65105.0,66249.0,65673.0,3090000.0,65673.0
2011-04-29,66294.0,65461.0,65664.0,66133.0,2645000.0,66133.0
2011-05-02,66500.0,65346.0,66119.0,65463.0,2306800.0,65463.0
2011-05-03,65468.0,64244.0,65458.0,64318.0,2235400.0,64318.0
2011-05-04,64807.0,63548.0,64320.0,63616.0,2490000.0,63616.0
2011-05-05,64268.0,62973.0,63609.0,63407.0,2806000.0,63407.0
2011-05-06,64704.0,63422.0,63422.0,64417.0,2690000.0,64417.0
2011-05-09,64782.0,64150.0,64416.0,64622.0,1880800.0,64622.0
2011-05-10,65143.0,64619.0,64622.0,64877.0,1982600.0,64877.0
2011-05-11,64877.0,63622.0,64877.0,63776.0,2458400.0,63776.0
2011-05-12,64329.0,63125.0,63772.0,64003.0,2486800.0,64003.0
2011-05-13,64165.0,63063.0,64003.0,63235.0,2667400.0,63235.0
2011-05-16,63829.0,62676.0,63233.0,62830.0,2459600.0,62830.0
2011-05-17,63680.0,62414.0,62830.0,63673.0,2210800.0,63673.0
2011-05-18,64015.0,62830.0,63675.0,62841.0,2488000.0,62841.0
2011-05-19,63607.0,62225.0,62844.0,62367.0,2291200.0,62367.0
2011-05-20,63043.0,62086.0,62370.0,62597.0,2087000.0,62597.0
2011-05-23,62597.0,61659.0,62597.0,62345.0,1767600.0,62345.0
2011-05-24,63415.0,62350.0,62350.0,63337.0,2006400.0,63337.0
2011-05-25,63857.0,63025.0,63329.0,63388.0,1918600.0,63388.0
2011-05-26,64121.0,63232.0,63389.0,64099.0,2397000.0,64099.0
2011-05-27,64548.0,64092.0,64101.0,64295.0,1672000.0,64295.0
2011-05-30,64460.0,63915.0,64295.0,63954.0,629000.0,63954.0
2011-05-31,64620.0,63932.0,63961.0,64620.0,2428400.0,64620.0
2011-06-01,64674.0,63401.0,64616.0,63411.0,2158200.0,63411.0
2011-06-02,64218.0,63277.0,63411.0,64218.0,2135600.0,64218.0
2011-06-03,64979.0,63628.0,64216.0,64341.0,2155800.0,64341.0
2011-06-06,64512.0,62960.0,64341.0,63068.0,1822400.0,63068.0
2011-06-07,63784.0,63072.0,63072.0,63218.0,2089600.0,63218.0
2011-06-08,63354.0,62709.0,63204.0,63033.0,1805800.0,63033.0
2011-06-09,63773.0,62872.0,63037.0,63469.0,1946800.0,63469.0
2011-06-10,63478.0,62495.0,63470.0,62697.0,1688200.0,62697.0
2011-06-13,62968.0,62022.0,62701.0,62023.0,1397200.0,62023.0
2011-06-14,62697.0,62023.0,62023.0,62205.0,1762400.0,62205.0
2011-06-15,62198.0,61448.0,62198.0,61604.0,2668000.0,61604.0
2011-06-16,62040.0,60489.0,61602.0,60881.0,1991000.0,60881.0
2011-06-17,61268.0,60566.0,60883.0,61060.0,1974600.0,61060.0
2011-06-20,61571.0,60784.0,61059.0,61168.0,2019800.0,61168.0
2011-06-21,61543.0,61179.0,61188.0,61424.0,1696600.0,61424.0
2011-06-22,61859.0,61194.0,61420.0,61194.0,1863400.0,61194.0
2011-06-24,61459.0,60921.0,61192.0,61017.0,1449000.0,61017.0
2011-06-27,61456.0,60772.0,61017.0,61217.0,1634000.0,61217.0
2011-06-28,62309.0,61216.0,61216.0,62303.0,1796400.0,62303.0
2011-06-29,62625.0,62033.0,62303.0,62334.0,1873400.0,62334.0
2011-06-30,62574.0,61959.0,62337.0,62404.0,1814000.0,62404.0
2011-07-01,63455.0,62148.0,62404.0,63394.0,2376200.0,63394.0
2011-07-04,63891.0,63314.0,63397.0,63891.0,1000400.0,63891.0
2011-07-05,63886.0,63030.0,63886.0,63039.0,1937800.0,63039.0
2011-07-06,63039.0,62391.0,63039.0,62565.0,1612600.0,62565.0
2011-07-07,63206.0,62207.0,62573.0,62207.0,1865000.0,62207.0
2011-07-08,62207.0,61366.0,62207.0,61513.0,1670600.0,61513.0
2011-07-11,61502.0,60098.0,61502.0,60224.0,1773200.0,60224.0
2011-07-12,60516.0,59705.0,60220.0,59705.0,1946200.0,59705.0
2011-07-13,60847.0,59718.0,59718.0,60670.0,2284200.0,60670.0
2011-07-14,60685.0,59452.0,60673.0,59679.0,2363400.0,59679.0
2011-07-15,60104.0,59180.0,59679.0,59478.0,1960200.0,59478.0
2011-07-18,59479.0,58631.0,59479.0,58838.0,1956400.0,58838.0
2011-07-19,59394.0,58677.0,58838.0,59082.0,1888000.0,59082.0
2011-07-20,59552.0,59045.0,59094.0,59120.0,1946000.0,59120.0
2011-07-21,60441.0,59120.0,59120.0,60263.0,2159600.0,60263.0
2011-07-22,60696.0,60077.0,60263.0,60270.0,1809600.0,60270.0
2011-07-25,60285.0,59640.0,60264.0,59971.0,1772400.0,59971.0
2011-07-26,60204.0,59261.0,59972.0,59340.0,2174800.0,59340.0
2011-07-27,59336.0,58169.0,59336.0,58288.0,2619000.0,58288.0
2011-07-28,59167.0,58290.0,58297.0,58708.0,2234000.0,58708.0
2011-07-29,58952.0,58009.0,58703.0,58823.0,2366400.0,58823.0
2011-08-01,59542.0,58168.0,58823.0,58536.0,2109400.0,58536.0
2011-08-02,58673.0,57259.0,58526.0,57311.0,2696200.0,57311.0
2011-08-03,57352.0,55249.0,57318.0,56017.0,3491800.0,56017.0
2011-08-04,55999.0,52629.0,55999.0,52811.0,4455400.0,52811.0
2011-08-05,53866.0,51153.0,52811.0,52949.0,4320600.0,52949.0
2011-08-08,52938.0,47793.0,52938.0,48668.0,4894600.0,48668.0
2011-08-09,51151.0,48666.0,48671.0,51151.0,5268200.0,51151.0
2011-08-10,52164.0,49947.0,51151.0,51395.0,4358800.0,51395.0
2011-08-11,53724.0,51398.0,51398.0,53343.0,4066000.0,53343.0
2011-08-12,53643.0,52650.0,53344.0,53473.0,3269800.0,53473.0
2011-08-15,54968.0,53474.0,53478.0,54652.0,2540600.0,54652.0
2011-08-16,54651.0,53539.0,54651.0,54324.0,2464600.0,54324.0
2011-08-17,55073.0,53828.0,54324.0,55073.0,3160600.0,55073.0
2011-08-18,55037.0,52246.0,55037.0,53134.0,3120400.0,53134.0
2011-08-19,53601.0,52336.0,53135.0,52448.0,2577200.0,52448.0
2011-08-22,53552.0,52397.0,52472.0,52440.0,2140800.0,52440.0
2011-08-23,53787.0,51853.0,52440.0,53787.0,2679000.0,53787.0
2011-08-24,54279.0,52993.0,53787.0,53796.0,2492200.0,53796.0
2011-08-25,54155.0,52677.0,53796.0,52953.0,2381200.0,52953.0
2011-08-26,53598.0,51971.0,52955.0,53351.0,2223000.0,53351.0
2011-08-29,55027.0,53356.0,53356.0,54861.0,2293800.0,54861.0
2011-08-30,55768.0,54425.0,54861.0,55385.0,2343400.0,55385.0
2011-08-31,56495.0,55399.0,55399.0,56495.0,2940000.0,56495.0
2011-09-01,58589.0,56498.0,56498.0,58118.0,4013600.0,58118.0
2011-09-02,58114.0,56302.0,58114.0,56532.0,3147400.0,56532.0
2011-09-05,56521.0,54818.0,56521.0,54998.0,1609000.0,54998.0
2011-09-06,56676.0,54121.0,54998.0,56607.0,2846800.0,56607.0
2011-09-08,58242.0,56609.0,56609.0,57624.0,2757000.0,57624.0
2011-09-09,57614.0,55528.0,57614.0,55778.0,2481800.0,55778.0
2011-09-12,55792.0,54310.0,55773.0,55685.0,2376200.0,55685.0
2011-09-13,56336.0,55166.0,55690.0,55544.0,2099400.0,55544.0
2011-09-14,56776.0,55090.0,55544.0,56286.0,2836200.0,56286.0
2011-09-15,57161.0,56196.0,56287.0,56381.0,2136800.0,56381.0
2011-09-16,57210.0,56257.0,56381.0,57210.0,1970000.0,57210.0
2011-09-19,57208.0,56060.0,57208.0,57103.0,2328200.0,57103.0
2011-09-20,57620.0,56379.0,57105.0,56379.0,2677000.0,56379.0
2011-09-21,57600.0,55915.0,56381.0,55982.0,2777000.0,55982.0
2011-09-22,55981.0,52706.0,55981.0,53280.0,3603600.0,53280.0
2011-09-23,53855.0,52754.0,53273.0,53230.0,2689200.0,53230.0
2011-09-26,53873.0,52399.0,53243.0,53748.0,2143200.0,53748.0
2011-09-27,54992.0,53751.0,53751.0,53920.0,2454200.0,53920.0
2011-09-28,54796.0,53258.0,53921.0,53270.0,2340800.0,53270.0
2011-09-29,54207.0,52849.0,53276.0,53385.0,2304800.0,53385.0
2011-09-30,53385.0,51897.0,53385.0,52324.0,3072600.0,52324.0
2011-10-03,52319.0,50792.0,52319.0,50792.0,3112400.0,50792.0
2011-10-04,50790.0,49433.0,50790.0,50686.0,4038800.0,50686.0
2011-10-05,51199.0,50209.0,50683.0,51014.0,2830400.0,51014.0
2011-10-06,52729.0,51016.0,51016.0,52290.0,3145600.0,52290.0
2011-10-07,52891.0,50902.0,52290.0,51244.0,2627200.0,51244.0
2011-10-10,53294.0,51244.0,51244.0,53273.0,2180600.0,53273.0
2011-10-11,54113.0,52820.0,53271.0,53838.0,2845400.0,53838.0
2011-10-13,54751.0,53308.0,53836.0,54601.0,3574200.0,54601.0
2011-10-14,55179.0,54447.0,54603.0,55030.0,2323200.0,55030.0
2011-10-17,55021.0,53536.0,55021.0,53911.0,2366200.0,53911.0
2011-10-18,55225.0,53188.0,53915.0,55032.0,2540000.0,55032.0
2011-10-19,55244.0,54483.0,55037.0,54966.0,2430800.0,54966.0
2011-10-20,54953.0,53610.0,54953.0,54010.0,2282800.0,54010.0
2011-10-21,55504.0,54014.0,54014.0,55255.0,2151200.0,55255.0
2011-10-24,57226.0,55259.0,55259.0,56892.0,2656000.0,56892.0
2011-10-25,56885.0,55770.0,56885.0,56286.0,2262800.0,56286.0
2011-10-26,57334.0,56249.0,56306.0,57144.0,2172400.0,57144.0
2011-10-27,59901.0,57146.0,57146.0,59270.0,3665800.0,59270.0
2011-10-28,59668.0,58760.0,59270.0,59513.0,2388000.0,59513.0
2011-10-31,59513.0,58094.0,59513.0,58338.0,2258000.0,58338.0
2011-11-01,58300.0,56099.0,58300.0,57323.0,2827600.0,57323.0
2011-11-03,58481.0,57327.0,57327.0,58196.0,2445800.0,58196.0
2011-11-04,58804.0,57547.0,58186.0,58670.0,1946600.0,58670.0
2011-11-07,59440.0,58645.0,58670.0,59199.0,1869400.0,59199.0
2011-11-08,59616.0,58505.0,59205.0,59026.0,1934000.0,59026.0
2011-11-09,59011.0,57201.0,59011.0,57550.0,2623000.0,57550.0
2011-11-10,58314.0,57294.0,57561.0,57322.0,1959000.0,57322.0
2011-11-11,58747.0,57325.0,57325.0,58547.0,2136400.0,58547.0
2011-11-14,58717.0,58013.0,58539.0,58258.0,1791000.0,58258.0
2011-11-16,58877.0,57784.0,58256.0,58560.0,2703800.0,58560.0
2011-11-17,58555.0,56663.0,58550.0,56989.0,3054600.0,56989.0
2011-11-18,57477.0,56418.0,56989.0,56731.0,2297200.0,56731.0
2011-11-21,56722.0,55505.0,56722.0,56285.0,2894800.0,56285.0
2011-11-22,56570.0,55609.0,56290.0,55878.0,2681600.0,55878.0
2011-11-23,55879.0,54813.0,55879.0,54972.0,2429400.0,54972.0
2011-11-24,55519.0,54537.0,54978.0,55280.0,1410200.0,55280.0
2011-11-25,55610.0,54742.0,55271.0,54894.0,1815000.0,54894.0
2011-11-28,56444.0,54899.0,54899.0,56017.0,2271000.0,56017.0
2011-11-29,56364.0,55300.0,56028.0,55300.0,2822000.0,55300.0
2011-11-30,57592.0,55307.0,55307.0,56875.0,4893000.0,56875.0
2011-12-01,58302.0,56876.0,56876.0,58143.0,3297000.0,58143.0
2011-12-02,58980.0,57618.0,58147.0,57886.0,2985600.0,57886.0
2011-12-05,59245.0,57894.0,57894.0,58910.0,2535200.0,58910.0
2011-12-06,59576.0,58497.0,58910.0,59536.0,2178000.0,59536.0
2011-12-07,59535.0,58581.0,59534.0,58663.0,2171800.0,58663.0
2011-12-08,59217.0,57260.0,58664.0,57455.0,2720800.0,57455.0
2011-12-09,58540.0,57455.0,57455.0,58236.0,1946400.0,58236.0
2011-12-12,58235.0,56839.0,58235.0,57347.0,2502200.0,57347.0
2011-12-13,58153.0,57333.0,57355.0,57495.0,2901200.0,57495.0
2011-12-14,57495.0,56647.0,57495.0,56647.0,4140400.0,56647.0
2011-12-15,57332.0,56232.0,56647.0,56331.0,2605800.0,56331.0
2011-12-16,56823.0,56087.0,56334.0,56097.0,2440000.0,56097.0
2011-12-19,56376.0,55298.0,56100.0,55298.0,2833400.0,55298.0
2011-12-20,56865.0,55301.0,55301.0,56865.0,3233000.0,56865.0
2011-12-21,56865.0,56046.0,56865.0,56653.0,2264400.0,56653.0
2011-12-22,57459.0,56557.0,56656.0,57348.0,2289000.0,57348.0
2011-12-23,57792.0,57348.0,57348.0,57701.0,1767200.0,57701.0
2011-12-26,57856.0,57669.0,57702.0,57669.0,0.0,57669.0
2011-12-27,58111.0,57611.0,57666.0,58005.0,1616600.0,58005.0
2011-12-28,58010.0,56447.0,58006.0,56534.0,1612000.0,56534.0
2011-12-29,56945.0,56313.0,56534.0,56754.0,2779200.0,56754.0
2012-01-02,57993.0,56649.0,56755.0,57829.0,2614600.0,57829.0
2012-01-03,59288.0,57836.0,57836.0,59265.0,3083000.0,59265.0
2012-01-04,59519.0,58558.0,59263.0,59365.0,2252000.0,59365.0
2012-01-05,59354.0,57963.0,59354.0,58546.0,2351200.0,58546.0
2012-01-06,59261.0,58355.0,58565.0,58600.0,1659200.0,58600.0
2012-01-09,59220.0,58599.0,58601.0,59083.0,2244600.0,59083.0
2012-01-10,60112.0,59090.0,59090.0,59806.0,2689200.0,59806.0
2012-01-11,60094.0,59423.0,59799.0,59962.0,2245200.0,59962.0
2012-01-12,60504.0,59586.0,59966.0,59921.0,2145600.0,59921.0
2012-01-13,59918.0,58874.0,59918.0,59147.0,5624200.0,59147.0
2012-01-16,59982.0,59146.0,59146.0,59956.0,1705000.0,59956.0
2012-01-17,60891.0,59961.0,59961.0,60646.0,2524200.0,60646.0
2012-01-18,61723.0,60610.0,60643.0,61723.0,2757800.0,61723.0
2012-01-19,62181.0,61566.0,61726.0,61927.0,2843400.0,61927.0
2012-01-20,62312.0,61593.0,61932.0,62312.0,2246400.0,62312.0
2012-01-23,62693.0,61908.0,62312.0,62386.0,2376000.0,62386.0
2012-01-24,62536.0,61667.0,62386.0,62486.0,2731000.0,62486.0
2012-01-26,63805.0,62485.0,62486.0,62953.0,3174000.0,62953.0
2012-01-27,63263.0,62769.0,62955.0,62904.0,2218200.0,62904.0
2012-01-30,62902.0,61989.0,62902.0,62770.0,2197600.0,62770.0
2012-01-31,63394.0,62664.0,62772.0,63072.0,3437800.0,63072.0
2012-02-01,64567.0,63085.0,63085.0,64567.0,3904000.0,64567.0
2012-02-02,64855.0,64224.0,64569.0,64593.0,3107600.0,64593.0
2012-02-03,65619.0,64137.0,64589.0,65217.0,3059800.0,65217.0
2012-02-06,65229.0,64743.0,65217.0,65224.0,1919600.0,65224.0
2012-02-07,65944.0,64801.0,65213.0,65917.0,2722000.0,65917.0
2012-02-08,66383.0,65647.0,65918.0,65831.0,2887000.0,65831.0
2012-02-09,66324.0,65189.0,65831.0,65530.0,2688400.0,65530.0
2012-02-10,65525.0,63880.0,65525.0,63998.0,3501400.0,63998.0
2012-02-13,65713.0,63999.0,63999.0,65692.0,2619200.0,65692.0
2012-02-14,65855.0,64826.0,65699.0,65039.0,2738200.0,65039.0
2012-02-15,66004.0,65041.0,65041.0,65368.0,3825400.0,65368.0
2012-02-16,66161.0,64798.0,65364.0,66142.0,3068400.0,66142.0
2012-02-17,66562.0,65823.0,66158.0,66204.0,2352600.0,66204.0
2012-02-23,66329.0,65590.0,66084.0,65820.0,2322800.0,65820.0
2012-02-24,66335.0,65820.0,65820.0,65943.0,2119800.0,65943.0
2012-02-27,65954.0,65068.0,65938.0,65241.0,2226000.0,65241.0
2012-02-28,66152.0,65240.0,65245.0,65959.0,2717000.0,65959.0
2012-02-29,66662.0,65533.0,65970.0,65812.0,3345400.0,65812.0
2012-03-01,66931.0,65812.0,65812.0,66810.0,2328800.0,66810.0
2012-03-02,67791.0,66810.0,66810.0,67782.0,2557000.0,67782.0
2012-03-05,67782.0,66756.0,67782.0,66964.0,2315800.0,66964.0
2012-03-06,66962.0,64892.0,66962.0,65114.0,2742600.0,65114.0
2012-03-07,66053.0,65123.0,65123.0,66017.0,2683400.0,66017.0
2012-03-08,67272.0,66032.0,66032.0,66908.0,2890800.0,66908.0
2012-03-09,67419.0,66679.0,66908.0,66704.0,2253600.0,66704.0
2012-03-12,66687.0,65965.0,66687.0,66385.0,2149800.0,66385.0
2012-03-13,68420.0,66386.0,66386.0,68394.0,3165200.0,68394.0
2012-03-14,68970.0,67797.0,68386.0,68257.0,2732800.0,68257.0
2012-03-15,68259.0,67458.0,68259.0,67749.0,2295200.0,67749.0
2012-03-16,68153.0,67505.0,67749.0,67684.0,2408600.0,67684.0
2012-03-19,68159.0,67547.0,67685.0,67730.0,2143600.0,67730.0
2012-03-20,67725.0,66704.0,67725.0,67296.0,2071400.0,67296.0
2012-03-21,67436.0,66762.0,67297.0,66860.0,1981000.0,66860.0
2012-03-22,66860.0,65534.0,66860.0,65828.0,2676200.0,65828.0
2012-03-23,66253.0,65576.0,65831.0,65813.0,2524800.0,65813.0
2012-03-26,66776.0,65818.0,65818.0,66685.0,2010800.0,66685.0
2012-03-27,66968.0,65925.0,66683.0,66037.0,2723000.0,66037.0
2012-03-28,66032.0,64819.0,66032.0,65079.0,2883000.0,65079.0
2012-03-29,65074.0,64096.0,65074.0,64872.0,2895600.0,64872.0
2012-03-30,65363.0,64245.0,64875.0,64511.0,3155800.0,64511.0
2012-04-02,65593.0,64199.0,64515.0,65216.0,2966600.0,65216.0
2012-04-03,65530.0,64015.0,65218.0,64284.0,2773600.0,64284.0
2012-04-04,64301.0,63450.0,64301.0,63529.0,2739600.0,63529.0
2012-04-05,64299.0,63384.0,63518.0,63691.0,2294800.0,63691.0
2012-04-09,63690.0,62462.0,63690.0,62923.0,1788200.0,62923.0
2012-04-10,62922.0,61344.0,62922.0,61738.0,3094000.0,61738.0
2012-04-11,62356.0,61291.0,61741.0,61293.0,2952600.0,61293.0
2012-04-12,63061.0,61300.0,61300.0,63058.0,3115800.0,63058.0
2012-04-13,63039.0,61778.0,63039.0,62106.0,2959600.0,62106.0
2012-04-16,62688.0,61465.0,62120.0,61955.0,2316600.0,61955.0
2012-04-17,62961.0,61959.0,61959.0,62699.0,2704600.0,62699.0
2012-04-18,63243.0,62429.0,62696.0,63010.0,4053800.0,63010.0
2012-04-19,63274.0,62478.0,63007.0,62618.0,2358200.0,62618.0
2012-04-20,63369.0,62431.0,62620.0,62494.0,2285200.0,62494.0
2012-04-23,62494.0,60897.0,62494.0,61539.0,2533400.0,61539.0
2012-04-24,62001.0,61380.0,61537.0,61971.0,2377000.0,61971.0
2012-04-25,62441.0,61328.0,61989.0,61750.0,3307200.0,61750.0
2012-04-26,62282.0,61033.0,61750.0,62198.0,3130000.0,62198.0
2012-04-27,62486.0,61667.0,62203.0,61691.0,2547600.0,61691.0
2012-04-30,61900.0,61231.0,61691.0,61820.0,1963200.0,61820.0
2012-05-02,62502.0,61594.0,61820.0,62424.0,2955600.0,62424.0
2012-05-03,62783.0,61731.0,62427.0,62104.0,3036000.0,62104.0
2012-05-04,62167.0,60438.0,62104.0,60821.0,4961600.0,60821.0
2012-05-07,61299.0,60391.0,60802.0,61220.0,3370400.0,61220.0
2012-05-08,61218.0,59871.0,61218.0,60365.0,3091200.0,60365.0
2012-05-09,60346.0,59199.0,60346.0,59786.0,3261600.0,59786.0
2012-05-10,60752.0,59637.0,59796.0,59702.0,2701400.0,59702.0
2012-05-11,60340.0,59138.0,59703.0,59445.0,2532400.0,59445.0
2012-05-14,59443.0,57539.0,59443.0,57540.0,3047400.0,57540.0
2012-05-15,58024.0,56145.0,57540.0,56238.0,4189200.0,56238.0
2012-05-16,57693.0,55415.0,56245.0,55888.0,4327600.0,55888.0
2012-05-17,56296.0,54038.0,55886.0,54038.0,3709800.0,54038.0
2012-05-18,54914.0,53856.0,54032.0,54513.0,4306200.0,54513.0
2012-05-21,56678.0,54516.0,54516.0,56590.0,3569000.0,56590.0
2012-05-22,56586.0,54886.0,56586.0,55039.0,3667400.0,55039.0
2012-05-23,55052.0,53028.0,55039.0,54619.0,4334000.0,54619.0
2012-05-24,54820.0,53176.0,54620.0,54063.0,4013800.0,54063.0
2012-05-25,54970.0,53847.0,54062.0,54463.0,2988400.0,54463.0
2012-05-28,55609.0,54467.0,54467.0,55213.0,1857200.0,55213.0
2012-05-29,55763.0,54554.0,55214.0,54633.0,3048000.0,54633.0
2012-05-30,54632.0,53382.0,54632.0,53798.0,3298400.0,53798.0
2012-05-31,54509.0,53090.0,53805.0,54490.0,4826000.0,54490.0
2012-06-01,54488.0,53087.0,54488.0,53403.0,2986400.0,53403.0
2012-06-04,53960.0,53367.0,53408.0,53417.0,2360000.0,53417.0
2012-06-05,53917.0,52481.0,53413.0,52481.0,2530000.0,52481.0
2012-06-06,54195.0,52486.0,52486.0,54156.0,3542000.0,54156.0
2012-06-08,54432.0,53685.0,54150.0,54430.0,2627600.0,54430.0
2012-06-11,55401.0,53905.0,54434.0,54001.0,2736600.0,54001.0
2012-06-12,55049.0,53906.0,54001.0,55049.0,3894600.0,55049.0
2012-06-13,55989.0,54523.0,55041.0,55651.0,4187800.0,55651.0
2012-06-14,55769.0,54952.0,55641.0,55352.0,3299200.0,55352.0
2012-06-15,56105.0,55203.0,55349.0,56105.0,3900800.0,56105.0
2012-06-18,56579.0,55486.0,56066.0,56195.0,2960600.0,56195.0
2012-06-19,57567.0,56210.0,56210.0,57195.0,3658800.0,57195.0
2012-06-20,57611.0,56529.0,57196.0,57167.0,3202000.0,57167.0
2012-06-21,57218.0,55505.0,57162.0,55505.0,2601800.0,55505.0
2012-06-22,56019.0,55083.0,55518.0,55440.0,2476800.0,55440.0
2012-06-25,55406.0,53694.0,55406.0,53805.0,2160000.0,53805.0
2012-06-26,54193.0,53398.0,53806.0,53837.0,2707000.0,53837.0
2012-06-27,54006.0,53084.0,53837.0,53109.0,3825800.0,53109.0
2012-06-28,53306.0,52271.0,53107.0,52652.0,3531600.0,52652.0
2012-06-29,54355.0,52656.0,52656.0,54355.0,3744800.0,54355.0
2012-07-02,54754.0,53961.0,54355.0,54693.0,2874200.0,54693.0
2012-07-03,56228.0,54704.0,54704.0,55780.0,4064400.0,55780.0
2012-07-04,56322.0,55485.0,55780.0,56077.0,1718400.0,56077.0
2012-07-05,56943.0,55828.0,56083.0,56379.0,3128600.0,56379.0
2012-07-06,56376.0,54967.0,56376.0,55394.0,2701800.0,55394.0
2012-07-10,55588.0,53668.0,55392.0,53706.0,3467800.0,53706.0
2012-07-11,54135.0,53233.0,53708.0,53569.0,2970600.0,53569.0
2012-07-12,53616.0,52489.0,53564.0,53421.0,3047600.0,53421.0
2012-07-13,54428.0,53420.0,53422.0,54331.0,2784600.0,54331.0
2012-07-16,54418.0,53216.0,54316.0,53402.0,2821800.0,53402.0
2012-07-17,54037.0,53119.0,53403.0,53909.0,2519400.0,53909.0
2012-07-18,54588.0,53551.0,53909.0,54583.0,2296200.0,54583.0
2012-07-19,55491.0,54588.0,54588.0,55347.0,2879200.0,55347.0
2012-07-20,55337.0,54138.0,55337.0,54195.0,2865000.0,54195.0
2012-07-23,54183.0,52213.0,54183.0,53034.0,2807800.0,53034.0
2012-07-24,53416.0,52399.0,53038.0,52639.0,2762600.0,52639.0
2012-07-25,53233.0,52346.0,52658.0,52608.0,2216000.0,52608.0
2012-07-26,54126.0,52638.0,52638.0,54003.0,3017600.0,54003.0
2012-07-27,57046.0,54024.0,54024.0,56553.0,4674400.0,56553.0
2012-07-30,57241.0,56090.0,56551.0,57241.0,2965600.0,57241.0
2012-07-31,57466.0,56097.0,57243.0,56097.0,692000.0,56097.0
2012-08-01,56385.0,55425.0,56091.0,55623.0,598200.0,55623.0
2012-08-02,56289.0,55239.0,56289.0,55520.0,2838000.0,55520.0
2012-08-03,57399.0,55524.0,55524.0,57255.0,3577400.0,57255.0
2012-08-06,58996.0,56893.0,57255.0,58345.0,3613400.0,58345.0
2012-08-07,59316.0,57679.0,58343.0,57726.0,3447200.0,57726.0
2012-08-08,58964.0,57603.0,57723.0,58951.0,3233200.0,58951.0
2012-08-09,59202.0,58115.0,58950.0,58797.0,2863000.0,58797.0
2012-08-10,59365.0,58128.0,58774.0,59281.0,3080000.0,59281.0
2012-08-13,59543.0,58601.0,59281.0,59123.0,2539200.0,59123.0
2012-08-14,59605.0,57904.0,59123.0,58083.0,3533800.0,58083.0
2012-08-15,58375.0,57630.0,58083.0,58189.0,4578200.0,58189.0
2012-08-16,59544.0,58190.0,58190.0,59446.0,3477000.0,59446.0
2012-08-17,59822.0,58944.0,59443.0,59082.0,2954200.0,59082.0
2012-08-20,59462.0,58629.0,59083.0,59283.0,3001200.0,59283.0
2012-08-21,60209.0,58684.0,59298.0,58918.0,3926400.0,58918.0
2012-08-22,59585.0,58443.0,58918.0,59381.0,3708800.0,59381.0
2012-08-23,59382.0,58145.0,59382.0,58512.0,3342000.0,58512.0
2012-08-24,58750.0,57833.0,58511.0,58426.0,3212600.0,58426.0
2012-08-27,58462.0,57853.0,58424.0,58111.0,2344200.0,58111.0
2012-08-28,58745.0,57976.0,58109.0,58406.0,2728200.0,58406.0
2012-08-29,58553.0,57061.0,58414.0,57369.0,4106200.0,57369.0
2012-08-30,57508.0,56901.0,57366.0,57256.0,3132600.0,57256.0
2012-08-31,57835.0,56719.0,57257.0,57061.0,5747200.0,57061.0
2012-09-03,57457.0,56954.0,57065.0,57281.0,2317000.0,57281.0
2012-09-04,57272.0,56203.0,57272.0,56234.0,3236000.0,56234.0
2012-09-05,56904.0,56236.0,56236.0,56864.0,3313000.0,56864.0
2012-09-06,58328.0,56868.0,56868.0,58321.0,3620600.0,58321.0
2012-09-10,59421.0,58325.0,58325.0,58404.0,3513600.0,58404.0
2012-09-11,59515.0,58404.0,58405.0,59423.0,3854800.0,59423.0
2012-09-12,60136.0,59205.0,59429.0,59922.0,4849800.0,59922.0
2012-09-13,62117.0,59629.0,59921.0,61958.0,5974600.0,61958.0
2012-09-14,63428.0,61823.0,61955.0,62105.0,5816200.0,62105.0
2012-09-17,62692.0,61552.0,62106.0,61806.0,3903000.0,61806.0
2012-09-18,62132.0,61447.0,61806.0,61804.0,3202000.0,61804.0
2012-09-19,62514.0,61519.0,61806.0,61652.0,3391000.0,61652.0
2012-09-20,61908.0,60961.0,61652.0,61688.0,2923200.0,61688.0
2012-09-21,62223.0,61300.0,61695.0,61320.0,2985400.0,61320.0
2012-09-24,61932.0,61075.0,61319.0,61910.0,3329800.0,61910.0
2012-09-25,61947.0,60357.0,61913.0,60501.0,3873600.0,60501.0
2012-09-26,60506.0,59725.0,60506.0,60478.0,3139400.0,60478.0
2012-09-27,60889.0,59876.0,60483.0,60240.0,3811000.0,60240.0
2012-09-28,60240.0,58864.0,60240.0,59176.0,3690000.0,59176.0
2012-10-01,60216.0,59171.0,59171.0,59571.0,2759600.0,59571.0
2012-10-02,60091.0,59028.0,59575.0,59222.0,3198400.0,59222.0
2012-10-03,59483.0,58542.0,59222.0,58627.0,3195600.0,58627.0
2012-10-04,59002.0,58105.0,58627.0,58458.0,3365200.0,58458.0
2012-10-05,59441.0,58414.0,58460.0,58572.0,3244200.0,58572.0
2012-10-08,59318.0,58170.0,58572.0,59317.0,2596200.0,59317.0
2012-10-09,59697.0,58616.0,59319.0,58939.0,3146400.0,58939.0
2012-10-10,59320.0,58341.0,58944.0,58456.0,2781600.0,58456.0
2012-10-11,59360.0,58460.0,58460.0,59162.0,2817800.0,59162.0
2012-10-15,59758.0,58790.0,59164.0,59602.0,3119200.0,59602.0
2012-10-16,60412.0,59484.0,59602.0,59744.0,3251000.0,59744.0
2012-10-17,60398.0,59683.0,59742.0,60087.0,4209400.0,60087.0
2012-10-18,60087.0,59322.0,60087.0,59734.0,3321200.0,59734.0
2012-10-19,59846.0,58782.0,59701.0,58922.0,3000200.0,58922.0
2012-10-22,59205.0,58541.0,58925.0,58700.0,2803400.0,58700.0
2012-10-23,58679.0,57388.0,58679.0,57690.0,3395600.0,57690.0
2012-10-24,57986.0,57159.0,57686.0,57161.0,2934800.0,57161.0
2012-10-25,58274.0,57161.0,57161.0,57837.0,0.0,57837.0
2012-10-26,57833.0,57061.0,57833.0,57277.0,2999400.0,57277.0
2012-10-29,57267.0,56581.0,57267.0,57177.0,1709800.0,57177.0
2012-10-30,57764.0,57178.0,57178.0,57684.0,1606000.0,57684.0
2012-10-31,57935.0,56929.0,57682.0,57068.0,2794200.0,57068.0
2012-11-01,58383.0,56960.0,57065.0,58383.0,2980200.0,58383.0
2012-11-05,58374.0,57551.0,58374.0,58210.0,2617200.0,58210.0
2012-11-06,59561.0,58174.0,58220.0,59459.0,3470000.0,59459.0
2012-11-07,59460.0,58274.0,59460.0,58517.0,3084000.0,58517.0
2012-11-08,59008.0,57420.0,58523.0,57524.0,3201000.0,57524.0
2012-11-09,58109.0,56862.0,57517.0,57358.0,4250400.0,57358.0
2012-11-12,57712.0,56988.0,57358.0,57064.0,2071200.0,57064.0
2012-11-13,57529.0,56593.0,57049.0,57486.0,3363400.0,57486.0
2012-11-14,57472.0,56038.0,57472.0,56279.0,3606400.0,56279.0
2012-11-16,56277.0,55126.0,56277.0,55402.0,3471800.0,55402.0
2012-11-19,56666.0,55387.0,55387.0,56451.0,2782800.0,56451.0
2012-11-21,56789.0,55946.0,56453.0,56242.0,3592200.0,56242.0
2012-11-22,56643.0,56242.0,56245.0,56437.0,2146200.0,56437.0
2012-11-23,57574.0,56248.0,56439.0,57574.0,3182000.0,57574.0
2012-11-26,57572.0,56502.0,57571.0,56737.0,2752800.0,56737.0
2012-11-27,57420.0,56248.0,56737.0,56248.0,3554200.0,56248.0
2012-11-28,56591.0,55686.0,56206.0,56539.0,3465400.0,56539.0
2012-11-29,57853.0,56562.0,56562.0,57853.0,3401400.0,57853.0
2012-11-30,58031.0,56704.0,57845.0,57475.0,5047000.0,57475.0
2012-12-03,58332.0,57479.0,57479.0,58202.0,3485800.0,58202.0
2012-12-04,58520.0,57547.0,58212.0,57563.0,3937200.0,57563.0
2012-12-05,58127.0,57231.0,57597.0,57679.0,3582400.0,57679.0
2012-12-06,57860.0,57129.0,57685.0,57656.0,3203200.0,57656.0
2012-12-07,58594.0,57636.0,57656.0,58487.0,3042400.0,58487.0
2012-12-10,59248.0,58091.0,58468.0,59248.0,3061800.0,59248.0
2012-12-11,59747.0,58951.0,59257.0,59623.0,3988600.0,59623.0
2012-12-12,59859.0,59291.0,59626.0,59474.0,4749600.0,59474.0
2012-12-13,59969.0,59154.0,59459.0,59317.0,3569400.0,59317.0
2012-12-14,59824.0,59273.0,59320.0,59605.0,3405800.0,59605.0
2012-12-17,59914.0,59323.0,59604.0,59567.0,3114400.0,59567.0
2012-12-18,60539.0,59565.0,59568.0,60461.0,4364800.0,60461.0
2012-12-19,61212.0,60396.0,60461.0,60998.0,4427600.0,60998.0
2012-12-20,61276.0,60622.0,60992.0,61276.0,3083400.0,61276.0
2012-12-21,61271.0,60221.0,61271.0,61007.0,3157400.0,61007.0
2012-12-26,61322.0,60861.0,61003.0,60960.0,2598000.0,60960.0
2012-12-27,61191.0,60233.0,60964.0,60416.0,2852600.0,60416.0
2012-12-28,61066.0,60416.0,60416.0,60952.0,2626000.0,60952.0
